Booking_ID,HotelName,Guest_Name,Price,Rating,Location,Check_In_Date,Check_Out_Date,Amount_Paid,Booking_Date,Status
1,Hotel C,Erica Allen,120,5,Miami,2024-07-25,2024-12-24,343.07,2024-12-12,Pending
2,Hotel D,Timothy Price,130,3,Miami,2024-06-01,2024-01-10,220.82,2024-12-16,Pending
3,Hotel J,Jordan Carr,90,4,Chicago,2024-07-23,2024-12-11,181.21,2024-12-07,Cancelled
4,Hotel G,Christopher Flores,75,3,Las Vegas,2024-01-01,2024-05-07,372.0,2024-12-03,Pending
5,Hotel E,Edgar Cooke,200,4,New York,2024-09-23,2024-02-10,521.96,2024-12-07,Confirmed
6,Hotel A,Richard Martinez,85,5,San Francisco,2024-04-29,2024-11-01,338.92,2024-12-03,Confirmed
7,Hotel E,Sheryl Contreras,110,4,San Diego,2024-12-07,2024-09-12,605.41,2024-12-13,Cancelled
8,Hotel I,Christopher Murphy,75,3,Las Vegas,2024-04-28,2024-07-08,530.26,2024-12-18,Cancelled
9,Hotel I,Patricia Stewart,100,5,New York,2024-09-27,2024-02-18,692.76,2024-12-20,Pending
10,Hotel A,Anthony Lopez,110,5,Chicago,2024-12-04,2024-10-22,688.6,2024-12-15,Confirmed
11,Hotel C,Jeremy Carroll,150,3,Chicago,2024-11-07,2024-10-26,833.39,2024-12-06,Cancelled
12,Hotel I,Samantha Dalton,130,3,Los Angeles,2024-09-28,2024-12-25,179.6,2024-12-17,Confirmed
13,Hotel J,Patrick Norris,75,3,Miami,2024-10-27,2024-05-05,203.46,2024-12-18,Cancelled
14,Hotel F,Angel Soto,200,3,Miami,2024-06-02,2024-11-17,715.08,2024-12-02,Pending
15,Hotel A,Jennifer Oneill,85,3,San Diego,2024-10-22,2024-08-07,866.98,2024-12-11,Confirmed
16,Hotel A,Ryan Willis,120,4,San Diego,2024-12-06,2024-02-07,631.2,2024-12-14,Pending
17,Hotel C,Whitney Flores,200,5,Orlando,2024-12-27,2024-08-09,215.12,2024-12-08,Confirmed
18,Hotel J,Janet Wu,100,3,New York,2024-05-04,2024-01-30,655.41,2024-12-12,Cancelled
19,Hotel H,Brendan Duncan,100,5,New York,2024-07-14,2024-07-15,913.05,2024-12-08,Cancelled
20,Hotel I,Mario Taylor,100,5,Chicago,2024-04-13,2024-08-23,766.87,2024-12-14,Pending
21,Hotel D,Aaron Johnson,100,4,San Diego,2024-07-31,2024-01-12,393.69,2024-12-11,Pending
22,Hotel H,Kelly Huynh,150,5,Los Angeles,2024-03-12,2024-02-23,239.74,2024-12-04,Cancelled
23,Hotel D,Gregory Bryant MD,130,3,Chicago,2024-04-11,2024-12-25,836.37,2024-12-15,Cancelled
24,Hotel G,Erik Lane,75,4,Las Vegas,2024-09-18,2024-04-23,751.96,2024-12-19,Confirmed
25,Hotel C,Nicholas Orr,100,3,Los Angeles,2024-04-19,2024-02-04,907.41,2024-12-15,Confirmed
26,Hotel F,Brittany Thomas,90,5,Miami,2024-04-24,2024-09-10,622.29,2024-12-19,Confirmed
27,Hotel A,Ann Vang,80,4,Orlando,2024-06-01,2024-04-18,874.24,2024-12-05,Cancelled
28,Hotel D,Jasmine Moore,85,3,Los Angeles,2024-03-05,2024-01-04,133.54,2024-12-09,Pending
29,Hotel A,Russell Taylor,200,5,Las Vegas,2024-02-08,2024-02-02,484.63,2024-12-23,Confirmed
30,Hotel J,Kimberly Harrison,150,4,Orlando,2024-01-22,2024-11-10,765.93,2024-12-17,Confirmed
31,Hotel E,Veronica Oliver,90,3,Chicago,2024-05-18,2024-06-06,927.32,2024-12-08,Pending
32,Hotel B,Ashley Miller,75,3,Orlando,2024-09-28,2024-10-07,379.29,2024-12-23,Pending
33,Hotel H,Dr. David Mcguire,120,5,San Diego,2024-01-18,2024-10-02,812.98,2024-12-03,Confirmed
34,Hotel E,Brandon Mccormick,75,3,Chicago,2024-06-19,2024-11-23,686.07,2024-12-06,Confirmed
35,Hotel C,Gregory Campbell,90,4,Chicago,2024-05-24,2024-04-26,967.82,2024-12-07,Cancelled
36,Hotel D,David Perez,75,5,San Francisco,2024-06-19,2024-03-12,259.21,2024-12-17,Confirmed
37,Hotel J,Daniel Costa,120,4,Orlando,2024-09-07,2024-09-07,316.7,2024-12-07,Confirmed
38,Hotel B,Susan Reyes MD,75,3,Chicago,2024-06-30,2024-04-24,807.93,2024-12-01,Pending
39,Hotel A,Alan Humphrey,110,4,Orlando,2024-10-10,2024-08-08,187.12,2024-12-23,Confirmed
40,Hotel H,Martha Lewis,80,4,Los Angeles,2024-08-24,2024-12-14,774.43,2024-12-21,Confirmed
41,Hotel I,James Cole,200,5,Chicago,2024-05-09,2024-11-29,729.24,2024-12-16,Confirmed
42,Hotel B,Raymond Parks,130,5,Orlando,2024-03-19,2024-03-11,638.3,2024-12-26,Cancelled
43,Hotel C,Erik Gomez,80,3,Los Angeles,2024-12-02,2024-01-20,764.51,2024-12-07,Pending
44,Hotel C,Kelly Tucker,75,4,San Diego,2024-05-28,2024-10-31,127.24,2024-12-10,Pending
45,Hotel B,Mrs. Jessica Valdez,85,3,Chicago,2024-05-27,2024-12-26,844.45,2024-12-23,Cancelled
46,Hotel J,Scott Conner,80,5,Chicago,2024-07-27,2024-01-17,436.13,2024-12-15,Cancelled
47,Hotel C,Kayla Cox,150,4,Orlando,2024-05-27,2024-10-25,609.03,2024-12-20,Confirmed
48,Hotel C,Brian Burton,75,4,Las Vegas,2024-12-19,2024-11-12,479.51,2024-12-17,Cancelled
49,Hotel F,Anthony Gentry,80,4,Chicago,2024-06-10,2024-07-20,488.48,2024-12-26,Pending
50,Hotel G,Michelle Jones,150,5,Chicago,2024-10-24,2024-04-17,646.67,2024-12-22,Confirmed
51,Hotel H,Stanley Tate,80,5,New York,2024-01-17,2024-04-24,819.91,2024-12-26,Pending
52,Hotel J,Steven Holmes,130,3,San Francisco,2024-01-09,2024-02-24,451.85,2024-12-26,Confirmed
53,Hotel C,Christopher Osborne,100,4,Las Vegas,2024-04-09,2024-10-02,413.44,2024-12-01,Cancelled
54,Hotel J,Jennifer Moreno,90,3,Las Vegas,2024-07-06,2024-06-30,357.09,2024-12-18,Cancelled
55,Hotel B,Michael Powell,130,4,Chicago,2024-04-18,2024-12-06,195.28,2024-12-27,Confirmed
56,Hotel I,Nicholas Jensen,85,4,San Francisco,2024-05-28,2024-06-14,893.61,2024-12-23,Cancelled
57,Hotel H,Jenna Wright,85,5,New York,2024-08-24,2024-09-26,966.17,2024-12-09,Pending
58,Hotel B,Valerie Coffey,100,4,Las Vegas,2024-06-17,2024-11-06,832.39,2024-12-09,Cancelled
59,Hotel D,Kelly Burke,100,3,Orlando,2024-11-18,2024-10-22,913.42,2024-12-14,Pending
60,Hotel F,Donna Kramer,150,4,Miami,2024-07-16,2024-11-02,497.54,2024-12-05,Confirmed
61,Hotel D,Andrea Williams,75,5,Las Vegas,2024-10-04,2024-08-24,900.81,2024-12-19,Pending
62,Hotel J,Edwin Bowen,200,4,Los Angeles,2024-06-23,2024-04-12,113.98,2024-12-08,Cancelled
63,Hotel E,Brian Mitchell,120,4,New York,2024-04-13,2024-07-29,760.48,2024-12-17,Confirmed
64,Hotel B,Mallory Torres,90,5,New York,2024-09-12,2024-11-25,839.1,2024-12-27,Pending
65,Hotel D,Leslie Sanchez,80,4,Orlando,2024-01-22,2024-04-09,849.18,2024-12-16,Cancelled
66,Hotel J,Mark Wood,130,5,Los Angeles,2024-04-24,2024-01-30,415.94,2024-12-10,Pending
67,Hotel H,Nathaniel Herrera,110,5,San Diego,2024-03-10,2024-03-04,219.28,2024-12-12,Confirmed
68,Hotel I,Benjamin Patterson,120,4,Los Angeles,2024-01-05,2024-08-01,406.93,2024-12-26,Confirmed
69,Hotel A,Leonard Robinson,85,3,Chicago,2024-01-19,2024-02-03,366.35,2024-12-10,Confirmed
70,Hotel H,John Valencia,150,4,Orlando,2024-11-17,2024-09-26,785.76,2024-12-03,Confirmed
71,Hotel B,Joshua Johnson,85,5,San Diego,2024-03-11,2024-11-30,543.34,2024-12-11,Cancelled
72,Hotel G,Michael Fisher MD,80,3,San Francisco,2024-11-24,2024-07-19,262.41,2024-12-28,Pending
73,Hotel A,Lori Curtis,200,4,Las Vegas,2024-10-20,2024-06-13,238.27,2024-12-01,Pending
74,Hotel C,Kyle Perez,80,3,San Francisco,2024-09-27,2024-11-26,723.69,2024-12-08,Confirmed
75,Hotel E,Robin Compton,100,5,Los Angeles,2024-02-11,2024-06-30,143.88,2024-12-23,Cancelled
76,Hotel H,Ann Fowler,90,4,San Francisco,2024-04-20,2024-06-29,616.11,2024-12-04,Pending
77,Hotel I,Kayla Valdez,150,5,Miami,2024-05-03,2024-07-09,814.2,2024-12-16,Cancelled
78,Hotel H,Jennifer Hill DVM,85,4,San Diego,2024-01-24,2024-08-21,881.59,2024-12-22,Confirmed
79,Hotel E,Frank Livingston,110,3,Miami,2024-03-24,2024-06-18,555.08,2024-12-15,Confirmed
80,Hotel F,Dr. Thomas Boyd,75,4,Miami,2024-10-28,2024-08-02,534.25,2024-12-09,Cancelled
81,Hotel B,Tammie Sweeney,130,5,Miami,2024-09-14,2024-08-29,513.12,2024-12-26,Pending
82,Hotel A,Rhonda Lopez,85,5,San Diego,2024-05-11,2024-02-24,583.4,2024-12-06,Confirmed
83,Hotel D,Scott Smith,150,3,San Francisco,2024-10-03,2024-10-29,423.5,2024-12-17,Cancelled
84,Hotel H,Michelle Peters,75,3,Chicago,2024-10-08,2024-08-20,368.36,2024-12-10,Confirmed
85,Hotel A,Thomas Mitchell,100,5,Chicago,2024-08-19,2024-06-20,350.74,2024-12-25,Cancelled
86,Hotel E,Janet Jones,150,5,Las Vegas,2024-12-16,2024-01-25,152.31,2024-12-21,Pending
87,Hotel D,Jesse Acosta,85,5,Orlando,2024-04-01,2024-02-13,150.14,2024-12-22,Confirmed
88,Hotel J,Robert King,85,4,San Diego,2024-06-27,2024-05-09,972.81,2024-12-12,Pending
89,Hotel D,Zachary Burnett,80,3,San Diego,2024-09-29,2024-07-21,991.67,2024-12-06,Confirmed
90,Hotel E,Brandy Perez,75,3,Orlando,2024-07-03,2024-04-26,361.45,2024-12-20,Confirmed
91,Hotel B,Michelle Bishop,150,5,Chicago,2024-09-20,2024-05-31,866.08,2024-12-01,Cancelled
92,Hotel I,Justin Lopez,100,5,New York,2024-04-07,2024-05-11,428.18,2024-12-29,Confirmed
93,Hotel C,Kathryn Hubbard,85,4,San Diego,2024-09-12,2024-09-25,416.29,2024-12-07,Confirmed
94,Hotel G,Laura Harris,85,3,Orlando,2024-01-24,2024-07-22,359.05,2024-12-24,Confirmed
95,Hotel H,Sean Rodriguez,150,5,Chicago,2024-11-12,2024-07-24,800.21,2024-12-03,Confirmed
96,Hotel F,Cody James,90,3,Las Vegas,2024-08-12,2024-12-16,144.76,2024-12-13,Cancelled
97,Hotel E,Christopher King,130,3,Chicago,2024-02-01,2024-05-01,309.06,2024-12-20,Cancelled
98,Hotel B,Joan Richardson,90,5,San Diego,2024-04-21,2024-08-22,390.32,2024-12-10,Pending
99,Hotel B,Ashley Wilson,100,3,New York,2024-06-05,2024-07-08,805.35,2024-12-08,Confirmed
100,Hotel E,Andre Davis,110,5,Miami,2024-07-05,2024-06-26,839.89,2024-12-08,Pending
101,Hotel H,Lauren Reeves,100,5,San Diego,2024-04-05,2024-10-10,767.21,2024-12-18,Pending
102,Hotel J,Amy Massey,110,5,Las Vegas,2024-09-22,2024-08-20,722.02,2024-12-13,Cancelled
103,Hotel H,Tammy Gregory,100,5,Chicago,2024-02-20,2024-06-29,926.25,2024-12-02,Pending
104,Hotel A,Nicole Hernandez,120,3,San Diego,2024-02-26,2024-09-30,626.16,2024-12-09,Pending
105,Hotel A,Amber Perez,90,3,Las Vegas,2024-11-03,2024-03-22,404.53,2024-12-08,Confirmed
106,Hotel B,Donna Brooks,75,4,San Francisco,2024-09-05,2024-09-26,132.15,2024-12-24,Pending
107,Hotel I,Lindsey Castro,100,4,Chicago,2024-11-27,2024-04-11,631.96,2024-12-14,Cancelled
108,Hotel C,Todd Barnes,110,4,Chicago,2024-02-13,2024-06-19,270.42,2024-12-17,Pending
109,Hotel D,Savannah Chan,200,5,Miami,2024-02-10,2024-01-17,920.17,2024-12-07,Cancelled
110,Hotel J,Michael Lloyd,80,4,Miami,2024-04-06,2024-05-01,393.7,2024-12-08,Pending
111,Hotel G,George Richmond,200,3,Las Vegas,2024-06-11,2024-11-16,752.48,2024-12-01,Cancelled
112,Hotel E,Brian Diaz,110,3,Orlando,2024-12-05,2024-08-18,220.33,2024-12-23,Cancelled
113,Hotel H,Hannah Mcgrath,150,3,San Francisco,2024-01-29,2024-05-16,627.06,2024-12-26,Cancelled
114,Hotel I,Brittany Fry,80,3,Orlando,2024-03-13,2024-07-18,799.74,2024-12-12,Confirmed
115,Hotel F,Dr. Kathryn Lucas,85,3,Chicago,2024-02-03,2024-02-17,927.25,2024-12-01,Confirmed
116,Hotel B,Ryan Hernandez,120,4,Orlando,2024-02-22,2024-12-24,397.78,2024-12-05,Cancelled
117,Hotel E,Donald Lee,130,5,San Francisco,2024-08-06,2024-02-14,310.38,2024-12-25,Pending
118,Hotel I,Angela Garcia,80,4,Las Vegas,2024-08-01,2024-02-07,575.6,2024-12-12,Cancelled
119,Hotel F,Gary Vazquez,130,3,Los Angeles,2024-04-18,2024-05-27,770.89,2024-12-13,Pending
120,Hotel D,Anthony King,200,5,Las Vegas,2024-02-22,2024-01-03,406.31,2024-12-02,Cancelled
121,Hotel B,Crystal Mason,110,4,Los Angeles,2024-04-12,2024-01-15,998.53,2024-12-02,Cancelled
122,Hotel C,Briana Wells,90,3,San Francisco,2024-03-07,2024-12-05,412.58,2024-12-23,Confirmed
123,Hotel A,Emily Pope,85,5,Los Angeles,2024-01-07,2024-03-27,709.71,2024-12-27,Confirmed
124,Hotel G,Maria Leach,75,3,New York,2024-02-10,2024-10-24,622.97,2024-12-12,Confirmed
125,Hotel C,Joshua Hatfield,75,5,San Francisco,2024-09-21,2024-08-21,710.66,2024-12-24,Pending
126,Hotel B,Emma Miles,80,5,Orlando,2024-12-30,2024-11-04,784.25,2024-12-01,Confirmed
127,Hotel E,Patrick Gates,200,4,Las Vegas,2024-06-30,2024-01-31,764.73,2024-12-26,Confirmed
128,Hotel J,Joseph Murray,130,5,Las Vegas,2024-11-27,2024-11-08,372.38,2024-12-21,Pending
129,Hotel F,Mr. Jeff Smith,130,4,Chicago,2024-12-23,2024-06-08,788.66,2024-12-08,Pending
130,Hotel H,Michelle Smith,130,3,Las Vegas,2024-02-06,2024-09-12,400.73,2024-12-28,Confirmed
131,Hotel E,Darrell Miles,80,4,Las Vegas,2024-10-02,2024-09-17,914.21,2024-12-08,Cancelled
132,Hotel J,David Sanders,150,3,San Francisco,2024-03-13,2024-01-01,287.19,2024-12-02,Pending
133,Hotel C,Katherine Hansen,110,4,Los Angeles,2024-05-31,2024-09-12,698.37,2024-12-04,Confirmed
134,Hotel C,Charles Green,80,3,San Francisco,2024-12-29,2024-11-15,426.23,2024-12-17,Pending
135,Hotel H,Victoria Cline,75,3,Chicago,2024-09-02,2024-09-03,351.18,2024-12-20,Pending
136,Hotel D,Michael Alexander,100,4,Los Angeles,2024-10-09,2024-02-17,845.94,2024-12-26,Confirmed
137,Hotel D,William Hill,75,4,Miami,2024-06-14,2024-08-24,827.18,2024-12-03,Confirmed
138,Hotel B,Robert Medina,90,5,Miami,2024-03-20,2024-07-26,528.13,2024-12-20,Confirmed
139,Hotel D,William Dean,100,5,Orlando,2024-06-17,2024-06-12,251.35,2024-12-28,Cancelled
140,Hotel E,John Hart,75,5,Chicago,2024-01-19,2024-05-18,989.94,2024-12-08,Pending
141,Hotel G,Lindsey Gonzales,90,3,Las Vegas,2024-10-12,2024-11-29,156.91,2024-12-09,Confirmed
142,Hotel J,Paul Blevins,200,5,San Francisco,2024-03-26,2024-01-23,440.17,2024-12-02,Confirmed
143,Hotel G,Mario Carter,150,3,Chicago,2024-07-07,2024-12-04,762.27,2024-12-28,Pending
144,Hotel B,Debra Wise,150,3,San Diego,2024-09-24,2024-07-11,144.08,2024-12-29,Cancelled
145,Hotel C,Jennifer Moon,85,4,New York,2024-01-08,2024-08-20,703.96,2024-12-21,Cancelled
146,Hotel B,Dawn Landry,75,4,San Diego,2024-11-22,2024-11-19,407.17,2024-12-25,Confirmed
147,Hotel C,Lisa Shaw,200,3,San Diego,2024-08-24,2024-12-23,972.4,2024-12-19,Cancelled
148,Hotel A,Sandy Lloyd,150,5,Las Vegas,2024-11-30,2024-08-05,277.85,2024-12-24,Pending
149,Hotel F,Linda Smith,100,4,Los Angeles,2024-12-14,2024-08-25,625.49,2024-12-13,Pending
150,Hotel J,Gabriel Cox,80,3,San Diego,2024-05-21,2024-08-26,490.95,2024-12-06,Confirmed
151,Hotel H,Cody Bailey,90,5,San Francisco,2024-05-19,2024-04-30,188.3,2024-12-19,Pending
152,Hotel F,James Wright,200,3,Chicago,2024-08-14,2024-04-02,604.39,2024-12-15,Confirmed
153,Hotel D,Hector Wilson,110,3,Orlando,2024-07-09,2024-04-20,290.03,2024-12-24,Confirmed
154,Hotel A,Melinda Bates,200,5,San Francisco,2024-01-11,2024-10-01,854.03,2024-12-01,Confirmed
155,Hotel A,Jennifer Travis,100,3,Los Angeles,2024-09-11,2024-08-09,738.14,2024-12-21,Pending
156,Hotel B,Nancy Lucas,85,4,Las Vegas,2024-09-18,2024-03-25,698.78,2024-12-19,Confirmed
157,Hotel I,Michele Cook,80,5,New York,2024-09-04,2024-01-26,375.51,2024-12-14,Confirmed
158,Hotel H,Dr. Jesse Alvarez,200,4,San Diego,2024-01-18,2024-01-17,951.56,2024-12-14,Cancelled
159,Hotel F,Gerald Brown,90,4,Orlando,2024-05-10,2024-04-17,336.98,2024-12-18,Confirmed
160,Hotel C,Brian Park,120,3,Orlando,2024-01-18,2024-05-27,845.14,2024-12-19,Pending
161,Hotel G,Edwin Mitchell,130,4,Los Angeles,2024-05-20,2024-08-13,568.97,2024-12-03,Cancelled
162,Hotel B,Allison Rosales,75,5,Miami,2024-05-26,2024-06-30,619.8,2024-12-15,Cancelled
163,Hotel H,Darlene King,150,5,New York,2024-04-23,2024-11-10,555.52,2024-12-08,Cancelled
164,Hotel B,Roger Wood,100,3,Chicago,2024-03-08,2024-07-28,307.49,2024-12-10,Confirmed
165,Hotel B,Linda Williams,120,5,New York,2024-04-20,2024-05-20,227.32,2024-12-19,Confirmed
166,Hotel E,Austin Lucero,80,4,Chicago,2024-05-05,2024-08-23,524.53,2024-12-12,Pending
167,Hotel E,Stacey Vance,200,5,Miami,2024-07-16,2024-11-26,770.8,2024-12-23,Confirmed
168,Hotel E,Cameron Barnes,110,5,New York,2024-10-01,2024-01-22,440.24,2024-12-05,Cancelled
169,Hotel I,Janice Russo,130,5,Los Angeles,2024-02-15,2024-11-10,136.06,2024-12-01,Confirmed
170,Hotel J,Joshua Le,200,5,Chicago,2024-12-30,2024-09-27,452.93,2024-12-09,Cancelled
171,Hotel I,Joseph Williams,80,5,Chicago,2024-11-06,2024-06-21,793.18,2024-12-06,Confirmed
172,Hotel I,Debra Dorsey,90,4,Las Vegas,2024-02-07,2024-01-04,617.53,2024-12-07,Confirmed
173,Hotel A,Jennifer Gilbert,100,3,New York,2024-01-16,2024-10-12,878.05,2024-12-03,Pending
174,Hotel B,Paul Spencer,150,5,San Diego,2024-02-13,2024-06-23,158.37,2024-12-15,Confirmed
175,Hotel G,Chase Sandoval,80,3,Los Angeles,2024-12-06,2024-01-30,924.94,2024-12-22,Cancelled
176,Hotel D,Robert Harris,75,5,Las Vegas,2024-01-14,2024-11-04,583.46,2024-12-06,Confirmed
177,Hotel B,Michael Henson,80,5,Miami,2024-04-08,2024-07-09,430.84,2024-12-02,Pending
178,Hotel B,Anthony Hickman,200,4,Chicago,2024-03-07,2024-06-03,866.77,2024-12-21,Cancelled
179,Hotel B,Aaron Cunningham Jr.,100,5,Los Angeles,2024-10-14,2024-09-11,104.29,2024-12-03,Cancelled
180,Hotel H,Michelle Nelson,130,5,Las Vegas,2024-10-16,2024-11-11,721.24,2024-12-09,Confirmed
181,Hotel C,Christian Nguyen,85,3,Los Angeles,2024-09-06,2024-10-26,422.69,2024-12-01,Confirmed
182,Hotel I,Robert Carr,120,5,Chicago,2024-08-01,2024-11-01,591.36,2024-12-16,Confirmed
183,Hotel F,Rachel Adams,200,5,New York,2024-09-12,2024-12-07,756.35,2024-12-16,Cancelled
184,Hotel D,Jeremy Terry,75,5,Miami,2024-01-28,2024-04-12,596.44,2024-12-01,Pending
185,Hotel I,Felicia Hardy,80,3,Las Vegas,2024-01-31,2024-02-26,670.72,2024-12-07,Pending
186,Hotel D,Anthony Farmer,100,3,Las Vegas,2024-01-20,2024-01-20,837.54,2024-12-21,Confirmed
187,Hotel B,Emily Sanchez,80,3,Las Vegas,2024-05-23,2024-01-09,931.66,2024-12-15,Pending
188,Hotel I,Adam Collins,85,4,Miami,2024-04-28,2024-01-23,337.57,2024-12-26,Pending
189,Hotel D,Taylor Baker,85,3,Los Angeles,2024-02-21,2024-10-31,957.81,2024-12-23,Cancelled
190,Hotel F,William Walker,200,4,Orlando,2024-02-23,2024-11-14,905.74,2024-12-28,Cancelled
191,Hotel F,Kevin Wheeler,75,4,Chicago,2024-08-31,2024-01-22,300.6,2024-12-05,Cancelled
192,Hotel J,Donna Howell,110,4,Las Vegas,2024-11-14,2024-02-17,699.41,2024-12-01,Pending
193,Hotel J,Bethany Fernandez,110,5,New York,2024-12-22,2024-06-24,701.35,2024-12-07,Confirmed
194,Hotel C,Jose Jones,110,4,Los Angeles,2024-06-09,2024-05-10,267.51,2024-12-12,Cancelled
195,Hotel C,Shannon Ray,100,4,Las Vegas,2024-11-23,2024-10-18,181.31,2024-12-07,Pending
196,Hotel B,Mrs. Dawn Lucas,100,4,Las Vegas,2024-11-08,2024-08-24,371.47,2024-12-10,Confirmed
197,Hotel A,Stacy Wagner,80,3,Los Angeles,2024-10-27,2024-08-03,389.59,2024-12-24,Cancelled
198,Hotel H,Hannah Martin,120,4,San Diego,2024-05-01,2024-05-21,498.78,2024-12-12,Pending
199,Hotel D,Charles Brown,75,3,Orlando,2024-12-18,2024-03-12,835.88,2024-12-08,Pending
200,Hotel G,Anthony Bishop,130,3,Orlando,2024-06-22,2024-10-20,806.98,2024-12-04,Confirmed
201,Hotel D,John Richardson,110,3,Miami,2024-09-07,2024-07-03,717.26,2024-12-05,Pending
202,Hotel J,Justin Peterson,200,3,Los Angeles,2024-10-21,2024-06-26,307.73,2024-12-13,Pending
203,Hotel H,Javier Navarro,130,3,Las Vegas,2024-03-23,2024-10-26,806.78,2024-12-03,Cancelled
204,Hotel I,Dawn Romero,200,5,Los Angeles,2024-06-09,2024-04-01,187.16,2024-12-09,Confirmed
205,Hotel J,Michelle Miller,90,4,Chicago,2024-11-30,2024-07-04,160.78,2024-12-26,Confirmed
206,Hotel H,Christopher Garcia,110,3,Miami,2024-03-31,2024-03-10,264.57,2024-12-19,Pending
207,Hotel J,Brian Jones MD,80,4,Orlando,2024-05-03,2024-11-04,132.56,2024-12-14,Confirmed
208,Hotel J,David Garcia,110,5,Los Angeles,2024-05-09,2024-06-12,598.24,2024-12-24,Pending
209,Hotel A,Justin Rodriguez,75,3,New York,2024-11-10,2024-12-04,513.86,2024-12-30,Pending
210,Hotel J,Jasmine Rogers,200,3,Las Vegas,2024-01-19,2024-10-08,417.21,2024-12-20,Confirmed
211,Hotel C,Lynn Perez,200,5,Orlando,2024-10-08,2024-09-10,502.59,2024-12-04,Pending
212,Hotel F,Michael Sparks,90,4,Miami,2024-07-15,2024-01-09,692.16,2024-12-17,Cancelled
213,Hotel J,Lauren Pratt,110,5,New York,2024-05-18,2024-10-01,371.43,2024-12-26,Cancelled
214,Hotel D,Kelly Zavala,200,5,Orlando,2024-02-02,2024-04-10,779.35,2024-12-01,Pending
215,Hotel H,Jeffrey Jordan,120,5,Chicago,2024-06-25,2024-05-25,830.73,2024-12-18,Pending
216,Hotel C,Mr. Zachary Richards DDS,100,3,San Diego,2024-01-21,2024-06-21,741.53,2024-12-03,Confirmed
217,Hotel I,Candace French,90,3,San Diego,2024-06-19,2024-03-26,436.47,2024-12-13,Pending
218,Hotel F,Kevin Price,90,3,Orlando,2024-04-24,2024-05-08,518.81,2024-12-28,Confirmed
219,Hotel I,Rebecca Ward,200,5,Las Vegas,2024-05-26,2024-08-23,827.54,2024-12-04,Confirmed
220,Hotel H,Wendy Glover,100,4,San Diego,2024-10-05,2024-04-23,954.5,2024-12-19,Confirmed
221,Hotel B,Jennifer Miller,80,5,Orlando,2024-11-11,2024-05-21,500.89,2024-12-12,Pending
222,Hotel G,Jeffrey Ware,75,5,San Francisco,2024-12-27,2024-05-02,658.87,2024-12-18,Pending
223,Hotel C,Thomas Conley,120,4,Miami,2024-01-24,2024-05-01,284.43,2024-12-12,Pending
224,Hotel E,William Hatfield,130,4,Los Angeles,2024-02-12,2024-01-02,483.7,2024-12-05,Pending
225,Hotel B,Joyce Williams,75,5,San Francisco,2024-01-09,2024-12-09,591.29,2024-12-18,Confirmed
226,Hotel D,Benjamin Robinson,200,5,Los Angeles,2024-07-24,2024-05-28,657.1,2024-12-16,Pending
227,Hotel A,David Tanner,110,4,Los Angeles,2024-08-31,2024-06-29,898.59,2024-12-15,Cancelled
228,Hotel E,Max Young,100,4,Chicago,2024-06-19,2024-09-06,658.39,2024-12-16,Pending
229,Hotel B,Caitlyn Bennett,90,4,San Diego,2024-02-13,2024-05-05,570.1,2024-12-23,Confirmed
230,Hotel I,Mark Contreras,200,5,San Diego,2024-08-07,2024-12-16,849.57,2024-12-30,Pending
231,Hotel C,Frank Ward,85,5,San Diego,2024-12-11,2024-03-21,395.51,2024-12-13,Cancelled
232,Hotel H,Ashley Moore,130,4,New York,2024-04-07,2024-01-24,945.66,2024-12-03,Pending
233,Hotel F,Eric Garcia,130,3,Miami,2024-05-17,2024-06-12,371.64,2024-12-16,Pending
234,Hotel B,John Wilson,85,3,Miami,2024-12-22,2024-08-21,523.09,2024-12-01,Confirmed
235,Hotel H,Philip Aguilar,75,5,Las Vegas,2024-03-15,2024-05-06,895.75,2024-12-02,Confirmed
236,Hotel F,Jeremy Harding,200,5,San Diego,2024-09-22,2024-08-12,311.64,2024-12-14,Cancelled
237,Hotel H,Bruce Ryan,110,3,New York,2024-10-16,2024-09-10,562.4,2024-12-01,Confirmed
238,Hotel G,Robert Reilly,130,5,Chicago,2024-08-16,2024-11-17,360.4,2024-12-24,Cancelled
239,Hotel B,Jennifer Ayala,130,5,Chicago,2024-08-19,2024-04-08,593.05,2024-12-29,Confirmed
240,Hotel I,Jason Harris,80,4,Orlando,2024-02-02,2024-06-13,522.82,2024-12-08,Pending
241,Hotel A,Dean Peterson,100,5,Los Angeles,2024-12-25,2024-10-26,232.24,2024-12-02,Cancelled
242,Hotel H,Gregory Banks,110,4,Miami,2024-10-28,2024-02-06,487.03,2024-12-27,Confirmed
243,Hotel G,Marissa Rose,85,5,Los Angeles,2024-06-01,2024-01-05,147.86,2024-12-21,Cancelled
244,Hotel F,Heather Cervantes,100,4,San Diego,2024-10-12,2024-05-03,132.81,2024-12-25,Confirmed
245,Hotel B,James Hull,200,3,Las Vegas,2024-05-01,2024-06-05,990.8,2024-12-05,Pending
246,Hotel G,Valerie Cherry,110,4,New York,2024-07-11,2024-11-28,934.4,2024-12-30,Pending
247,Hotel B,Rebecca Webster,85,5,San Francisco,2024-03-08,2024-12-29,185.04,2024-12-22,Cancelled
248,Hotel H,Daniel Carr,110,4,New York,2024-01-24,2024-03-07,124.11,2024-12-18,Pending
249,Hotel B,Elizabeth Rodriguez,75,5,San Francisco,2024-10-02,2024-11-07,591.84,2024-12-03,Confirmed
250,Hotel G,Brittany Richard,110,3,San Diego,2024-08-30,2024-10-01,395.72,2024-12-03,Confirmed
251,Hotel E,Michael Foster,110,4,Las Vegas,2024-06-03,2024-11-08,887.62,2024-12-01,Cancelled
252,Hotel E,Thomas Hunter,75,5,Chicago,2024-02-26,2024-01-10,430.82,2024-12-21,Cancelled
253,Hotel H,James Cameron,130,3,New York,2024-06-04,2024-11-06,557.51,2024-12-21,Confirmed
254,Hotel E,Devon Crawford,120,5,New York,2024-03-04,2024-03-08,454.24,2024-12-15,Cancelled
255,Hotel F,Randy Johnson,80,5,San Francisco,2024-11-02,2024-08-23,278.97,2024-12-09,Cancelled
256,Hotel A,Julia Bass,120,5,Chicago,2024-02-19,2024-06-06,379.11,2024-12-13,Cancelled
257,Hotel C,Megan Bell,200,3,San Diego,2024-03-18,2024-05-08,393.66,2024-12-13,Cancelled
258,Hotel J,Amy Manning,200,4,Orlando,2024-11-29,2024-02-28,666.06,2024-12-24,Confirmed
259,Hotel J,Tyrone Hoover,150,5,Chicago,2024-04-30,2024-06-22,499.48,2024-12-22,Cancelled
260,Hotel E,David Stewart,85,4,Orlando,2024-01-29,2024-08-07,473.94,2024-12-11,Confirmed
261,Hotel J,Nicole Mcguire,200,3,San Francisco,2024-07-30,2024-03-21,549.58,2024-12-15,Pending
262,Hotel A,Ryan Hartman,85,5,San Diego,2024-11-14,2024-06-09,167.35,2024-12-16,Cancelled
263,Hotel H,Dr. Henry Pacheco Jr.,100,3,New York,2024-06-07,2024-11-27,783.24,2024-12-07,Cancelled
264,Hotel B,Cameron Washington,85,5,Orlando,2024-05-13,2024-06-30,806.59,2024-12-18,Cancelled
265,Hotel A,Mr. Manuel Moss,130,4,Miami,2024-11-01,2024-11-03,359.31,2024-12-18,Cancelled
266,Hotel D,Timothy Wolfe,100,5,Orlando,2024-01-06,2024-02-29,178.71,2024-12-23,Pending
267,Hotel I,Samantha Thompson,100,5,San Diego,2024-05-04,2024-05-02,612.6,2024-12-14,Cancelled
268,Hotel H,Beth Gonzales,150,3,Orlando,2024-11-02,2024-05-21,602.98,2024-12-06,Confirmed
269,Hotel B,Jose Harrison,85,4,Los Angeles,2024-08-11,2024-09-29,913.52,2024-12-02,Cancelled
270,Hotel E,Elizabeth Vaughn,85,4,Las Vegas,2024-11-28,2024-02-11,293.36,2024-12-03,Cancelled
271,Hotel I,Cory Moore,150,5,Chicago,2024-04-16,2024-12-11,428.12,2024-12-03,Cancelled
272,Hotel F,Tony Hicks,130,3,Los Angeles,2024-03-20,2024-10-22,493.69,2024-12-17,Pending
273,Hotel A,Donald Barnett,100,5,Chicago,2024-11-14,2024-03-23,750.02,2024-12-27,Confirmed
274,Hotel G,Scott Jacobs,150,4,Miami,2024-08-02,2024-01-15,364.6,2024-12-03,Cancelled
275,Hotel D,Jane Lawson,110,4,Chicago,2024-06-03,2024-09-30,619.5,2024-12-25,Confirmed
276,Hotel H,Courtney Morrison,150,4,San Francisco,2024-01-07,2024-06-15,593.74,2024-12-29,Confirmed
277,Hotel G,Kenneth Fritz,150,3,Los Angeles,2024-02-14,2024-07-08,971.32,2024-12-14,Confirmed
278,Hotel D,Veronica Elliott,110,3,San Diego,2024-01-03,2024-03-13,806.6,2024-12-26,Cancelled
279,Hotel I,Tiffany Rodriguez,200,5,New York,2024-09-05,2024-11-27,611.42,2024-12-02,Confirmed
280,Hotel J,Tina Russo,150,5,New York,2024-08-28,2024-01-24,748.73,2024-12-02,Pending
281,Hotel G,Jane Gonzalez,150,5,San Diego,2024-01-06,2024-09-08,505.3,2024-12-18,Cancelled
282,Hotel G,Tiffany Hernandez,85,3,Orlando,2024-01-29,2024-12-20,966.07,2024-12-18,Pending
283,Hotel E,Dana Woods,120,3,New York,2024-11-29,2024-12-20,333.41,2024-12-21,Confirmed
284,Hotel I,Ryan Glass,85,5,Chicago,2024-06-14,2024-08-10,513.35,2024-12-21,Cancelled
285,Hotel H,Kimberly Mcdaniel,110,4,San Diego,2024-11-07,2024-03-29,408.93,2024-12-12,Confirmed
286,Hotel H,Mary Brown,100,5,Las Vegas,2024-08-17,2024-01-11,983.77,2024-12-14,Confirmed
287,Hotel I,Derrick Porter,130,4,Las Vegas,2024-03-02,2024-11-13,291.07,2024-12-19,Pending
288,Hotel A,Trevor Garcia,200,3,Las Vegas,2024-10-03,2024-03-20,970.34,2024-12-13,Confirmed
289,Hotel I,Amy Moreno,130,3,Chicago,2024-02-08,2024-10-17,551.11,2024-12-03,Pending
290,Hotel D,Cody Moore,90,4,San Francisco,2024-10-03,2024-09-07,577.34,2024-12-04,Cancelled
291,Hotel H,Barbara Smith,90,5,Orlando,2024-04-03,2024-05-04,813.95,2024-12-21,Cancelled
292,Hotel E,Brandon Nelson,85,4,Miami,2024-12-14,2024-04-20,666.48,2024-12-13,Confirmed
293,Hotel E,Kevin Perez,80,4,San Francisco,2024-06-20,2024-03-09,295.7,2024-12-16,Confirmed
294,Hotel D,Jennifer Hunter,100,5,Chicago,2024-10-28,2024-05-19,840.5,2024-12-08,Cancelled
295,Hotel F,William Young,90,5,San Diego,2024-04-06,2024-04-02,627.56,2024-12-11,Pending
296,Hotel H,Rachel Sullivan,75,4,San Diego,2024-04-16,2024-08-12,267.82,2024-12-30,Pending
297,Hotel J,Eric Wade,130,4,Las Vegas,2024-08-26,2024-08-01,195.96,2024-12-09,Cancelled
298,Hotel G,Stephen Warren,100,5,New York,2024-08-02,2024-05-18,817.03,2024-12-15,Confirmed
299,Hotel F,Steven Norton,150,4,San Diego,2024-08-10,2024-11-13,632.44,2024-12-19,Confirmed
300,Hotel A,Robert Lopez,150,5,Orlando,2024-06-07,2024-09-09,823.26,2024-12-10,Pending
301,Hotel E,John Buchanan,130,4,San Diego,2024-07-29,2024-11-14,260.0,2024-12-29,Cancelled
302,Hotel F,Dylan Wood,200,3,Orlando,2024-08-18,2024-02-25,786.5,2024-12-06,Pending
303,Hotel F,Mr. Gary Kerr,150,4,Las Vegas,2024-02-03,2024-02-26,508.3,2024-12-03,Confirmed
304,Hotel I,Kendra Green,200,3,Los Angeles,2024-01-18,2024-11-26,367.06,2024-12-18,Confirmed
305,Hotel B,Theodore Webb,75,5,New York,2024-06-21,2024-04-12,463.13,2024-12-24,Confirmed
306,Hotel A,James Phillips,120,4,Miami,2024-06-04,2024-10-25,208.1,2024-12-22,Confirmed
307,Hotel G,Bruce Webb,80,4,Las Vegas,2024-06-26,2024-09-29,439.56,2024-12-22,Pending
308,Hotel A,Dawn Love,200,3,San Francisco,2024-03-12,2024-05-26,192.47,2024-12-20,Pending
309,Hotel F,Pamela Coleman,110,5,Chicago,2024-08-06,2024-06-08,279.96,2024-12-13,Pending
310,Hotel H,Michael Gomez,200,4,Chicago,2024-10-15,2024-11-19,236.55,2024-12-02,Pending
311,Hotel A,Latoya Bolton,110,3,Los Angeles,2024-10-04,2024-05-27,461.51,2024-12-17,Confirmed
312,Hotel E,Karen Thomas,85,3,Las Vegas,2024-05-31,2024-11-26,549.02,2024-12-16,Cancelled
313,Hotel H,Regina Schneider,75,3,Chicago,2024-03-12,2024-09-19,561.42,2024-12-08,Confirmed
314,Hotel C,Brenda Brock,110,5,Las Vegas,2024-04-08,2024-12-01,881.56,2024-12-02,Confirmed
315,Hotel I,Patrick Reed,150,4,San Francisco,2024-11-24,2024-03-26,639.62,2024-12-11,Cancelled
316,Hotel A,Laura Brown,200,3,Los Angeles,2024-05-07,2024-09-10,375.17,2024-12-16,Cancelled
317,Hotel F,Margaret Gomez,120,3,Los Angeles,2024-10-18,2024-10-31,786.68,2024-12-03,Pending
318,Hotel D,Jo Prince,100,4,Orlando,2024-06-30,2024-04-09,289.53,2024-12-13,Cancelled
319,Hotel E,Patrick Gonzalez,110,5,Orlando,2024-03-07,2024-12-19,763.66,2024-12-05,Cancelled
320,Hotel F,Edward Porter,200,4,Chicago,2024-04-22,2024-05-13,757.45,2024-12-05,Pending
321,Hotel D,Kimberly Barrera,75,5,New York,2024-03-13,2024-01-18,195.79,2024-12-10,Pending
322,Hotel C,Jennifer Jackson,80,3,New York,2024-09-19,2024-05-31,706.23,2024-12-02,Pending
323,Hotel G,Alejandro Brown,85,3,Orlando,2024-10-14,2024-04-19,374.58,2024-12-16,Cancelled
324,Hotel C,Amanda Macdonald,75,5,Las Vegas,2024-01-14,2024-10-01,187.46,2024-12-30,Pending
325,Hotel G,Jesse Elliott,80,3,Miami,2024-05-29,2024-10-17,363.18,2024-12-01,Confirmed
326,Hotel H,Michelle Gomez,90,3,Miami,2024-03-29,2024-12-27,137.08,2024-12-16,Confirmed
327,Hotel C,Sharon Mejia,80,5,San Francisco,2024-04-18,2024-08-01,192.5,2024-12-05,Confirmed
328,Hotel F,Curtis Woodward,130,4,Miami,2024-11-14,2024-12-22,715.6,2024-12-10,Pending
329,Hotel C,Tiffany Mcintyre,85,3,Los Angeles,2024-05-10,2024-01-10,508.97,2024-12-27,Pending
330,Hotel F,Lisa Clark MD,90,4,Las Vegas,2024-10-20,2024-06-22,254.27,2024-12-01,Confirmed
331,Hotel B,Rachel Garcia,90,4,San Francisco,2024-02-02,2024-10-05,169.28,2024-12-05,Pending
332,Hotel J,Cassandra Jones,85,4,Las Vegas,2024-04-05,2024-05-20,266.85,2024-12-04,Cancelled
333,Hotel I,Oscar Bennett,150,4,San Francisco,2024-06-01,2024-11-06,275.08,2024-12-15,Confirmed
334,Hotel F,Aaron Chavez,120,4,San Francisco,2024-08-29,2024-08-21,296.85,2024-12-17,Cancelled
335,Hotel E,Erin Fuentes,110,3,Los Angeles,2024-12-20,2024-06-14,346.06,2024-12-05,Cancelled
336,Hotel H,Anna Hicks,120,5,Chicago,2024-10-14,2024-04-26,652.95,2024-12-25,Pending
337,Hotel G,Katherine Frye DVM,200,5,Los Angeles,2024-10-20,2024-11-15,831.14,2024-12-14,Confirmed
338,Hotel G,Stacey Richmond,85,5,Orlando,2024-09-21,2024-11-03,360.21,2024-12-25,Cancelled
339,Hotel J,Douglas Williams,90,5,Miami,2024-01-07,2024-01-06,105.03,2024-12-10,Confirmed
340,Hotel C,Lisa Myers,120,3,San Diego,2024-07-22,2024-04-07,196.46,2024-12-25,Pending
341,Hotel F,John Swanson,110,5,San Francisco,2024-07-29,2024-05-09,141.48,2024-12-27,Cancelled
342,Hotel C,Jennifer Scott,90,5,New York,2024-07-05,2024-04-30,667.02,2024-12-17,Confirmed
343,Hotel J,Jennifer Garza,85,4,Miami,2024-07-07,2024-11-08,832.67,2024-12-25,Cancelled
344,Hotel I,Tamara Wheeler,200,4,San Diego,2024-05-17,2024-08-25,804.14,2024-12-05,Confirmed
345,Hotel D,Andrea Burton,150,4,Miami,2024-08-30,2024-04-13,303.51,2024-12-19,Cancelled
346,Hotel C,Jeremy Russo,110,3,Los Angeles,2024-08-30,2024-06-04,952.57,2024-12-21,Confirmed
347,Hotel C,Mary Ramirez,100,5,New York,2024-03-06,2024-08-14,784.2,2024-12-02,Pending
348,Hotel J,Anthony Price,100,3,Chicago,2024-04-25,2024-09-25,508.73,2024-12-14,Pending
349,Hotel E,Holly Hughes,80,3,Orlando,2024-04-01,2024-06-07,483.66,2024-12-30,Pending
350,Hotel I,Danielle Roberts,150,3,San Diego,2024-01-14,2024-07-06,659.94,2024-12-04,Pending
351,Hotel G,Rodney Morales,130,4,New York,2024-12-20,2024-05-20,652.21,2024-12-26,Pending
352,Hotel D,Vernon Marsh,80,5,Miami,2024-08-04,2024-09-25,640.72,2024-12-03,Confirmed
353,Hotel J,Lindsey Mayo,150,5,Los Angeles,2024-01-16,2024-06-14,166.18,2024-12-26,Cancelled
354,Hotel I,Dr. Angela Parker,80,4,Los Angeles,2024-10-07,2024-09-08,838.22,2024-12-19,Confirmed
355,Hotel D,Kathleen Meyers PhD,200,3,San Diego,2024-03-24,2024-05-15,161.76,2024-12-22,Cancelled
356,Hotel C,Holly Flores,90,4,Chicago,2024-03-25,2024-08-13,431.22,2024-12-22,Pending
357,Hotel F,Matthew Martinez,120,5,New York,2024-12-20,2024-04-11,575.13,2024-12-15,Confirmed
358,Hotel A,Matthew Long,120,3,Los Angeles,2024-07-10,2024-07-23,867.53,2024-12-14,Cancelled
359,Hotel F,Darryl Nelson,80,3,San Diego,2024-12-02,2024-09-24,298.54,2024-12-17,Confirmed
360,Hotel C,Stephanie Ortega,130,5,San Diego,2024-10-07,2024-03-02,597.99,2024-12-15,Pending
361,Hotel B,Lisa Mora,200,5,Miami,2024-07-13,2024-06-26,332.15,2024-12-01,Confirmed
362,Hotel F,Edward Pollard,120,5,New York,2024-08-16,2024-10-03,672.57,2024-12-07,Pending
363,Hotel H,Joy Perez,130,4,Orlando,2024-03-18,2024-09-04,568.14,2024-12-23,Confirmed
364,Hotel F,Erica King,100,5,New York,2024-02-25,2024-10-30,113.7,2024-12-16,Cancelled
365,Hotel C,Ryan Weeks,150,5,Chicago,2024-08-23,2024-09-25,751.81,2024-12-09,Cancelled
366,Hotel H,Jennifer Morgan,130,4,New York,2024-02-17,2024-04-19,425.62,2024-12-29,Cancelled
367,Hotel C,Clarence Fuentes,80,4,Las Vegas,2024-10-02,2024-08-19,583.22,2024-12-09,Pending
368,Hotel F,Robert Benton,90,3,San Francisco,2024-04-16,2024-08-25,321.95,2024-12-13,Pending
369,Hotel A,Katherine Brown,90,3,Chicago,2024-08-07,2024-07-03,424.6,2024-12-20,Confirmed
370,Hotel I,Edward Myers,120,3,San Diego,2024-01-04,2024-04-09,328.25,2024-12-06,Cancelled
371,Hotel H,Kenneth Mills,110,4,Miami,2024-01-13,2024-04-19,503.53,2024-12-30,Cancelled
372,Hotel A,Mrs. Samantha King DDS,150,4,Las Vegas,2024-05-26,2024-03-21,785.59,2024-12-10,Confirmed
373,Hotel G,William Montgomery,200,3,New York,2024-02-22,2024-12-03,882.65,2024-12-30,Cancelled
374,Hotel E,Whitney Richards,130,5,Las Vegas,2024-04-28,2024-10-12,594.9,2024-12-27,Pending
375,Hotel B,Anthony Kim,80,3,Orlando,2024-10-27,2024-08-27,882.91,2024-12-01,Cancelled
376,Hotel E,Natalie Parker,80,4,Miami,2024-05-06,2024-01-04,255.08,2024-12-05,Pending
377,Hotel E,James Gallegos,200,3,San Diego,2024-02-22,2024-12-01,783.47,2024-12-22,Cancelled
378,Hotel E,Jane Roberts,120,3,San Francisco,2024-04-06,2024-12-02,278.48,2024-12-21,Pending
379,Hotel I,Nathan Bennett,80,5,San Diego,2024-09-30,2024-06-25,563.67,2024-12-12,Pending
380,Hotel A,Tiffany Travis,85,3,New York,2024-02-26,2024-09-15,463.42,2024-12-22,Cancelled
381,Hotel G,Melinda Webster,150,5,Orlando,2024-12-15,2024-09-07,281.07,2024-12-01,Cancelled
382,Hotel G,Ashley Miller,200,3,San Diego,2024-03-24,2024-10-19,272.47,2024-12-04,Pending
383,Hotel J,Jenna Santiago,100,5,Los Angeles,2024-09-26,2024-05-26,725.74,2024-12-06,Cancelled
384,Hotel F,Kyle Morris,110,4,Miami,2024-05-30,2024-04-04,600.88,2024-12-28,Pending
385,Hotel E,Todd Jones,75,3,Chicago,2024-12-03,2024-03-13,312.93,2024-12-09,Pending
386,Hotel G,Danielle Cantrell,130,5,Orlando,2024-09-26,2024-07-22,835.49,2024-12-06,Cancelled
387,Hotel B,James Long,85,4,Miami,2024-12-01,2024-10-01,365.27,2024-12-01,Cancelled
388,Hotel F,Kathleen Lewis,80,3,Los Angeles,2024-01-18,2024-04-09,798.67,2024-12-27,Cancelled
389,Hotel E,Rachel Blackburn,120,5,San Diego,2024-06-24,2024-08-10,218.92,2024-12-05,Pending
390,Hotel C,Joshua Reed,80,3,Orlando,2024-04-21,2024-01-18,594.89,2024-12-02,Pending
391,Hotel F,Dennis Brown,85,3,Orlando,2024-05-11,2024-10-16,448.03,2024-12-21,Confirmed
392,Hotel E,Austin Washington,90,3,Chicago,2024-09-27,2024-07-23,258.73,2024-12-19,Confirmed
393,Hotel J,Misty Elliott,110,5,Las Vegas,2024-06-17,2024-10-26,580.65,2024-12-04,Confirmed
394,Hotel D,Benjamin Nunez,110,4,San Francisco,2024-06-03,2024-11-13,849.15,2024-12-10,Cancelled
395,Hotel C,Marcus Jones,80,3,Orlando,2024-10-01,2024-07-08,920.6,2024-12-30,Cancelled
396,Hotel C,Janet Myers,100,4,San Francisco,2024-05-04,2024-10-31,325.84,2024-12-01,Pending
397,Hotel C,Susan Stevenson,200,3,San Diego,2024-01-26,2024-01-18,726.46,2024-12-28,Confirmed
398,Hotel B,Kristen Mcgee,90,3,Miami,2024-07-07,2024-03-13,583.73,2024-12-30,Cancelled
399,Hotel F,Kathy Munoz,75,5,Chicago,2024-02-18,2024-04-03,964.05,2024-12-10,Pending
400,Hotel I,Ashley Ellis DDS,90,5,San Diego,2024-06-25,2024-04-11,255.12,2024-12-19,Pending
401,Hotel E,David Haynes,75,4,Chicago,2024-04-05,2024-05-16,242.55,2024-12-16,Confirmed
402,Hotel G,David Murphy MD,80,4,Chicago,2024-02-10,2024-04-20,871.54,2024-12-16,Cancelled
403,Hotel G,Gary Stephens,75,3,Miami,2024-01-31,2024-03-28,114.39,2024-12-24,Pending
404,Hotel D,Mary Lee,130,3,New York,2024-08-31,2024-04-12,347.19,2024-12-17,Pending
405,Hotel E,Kim Sanchez,200,3,Los Angeles,2024-02-18,2024-02-09,349.2,2024-12-11,Confirmed
406,Hotel F,Brianna Newman,200,4,Chicago,2024-02-23,2024-11-06,875.03,2024-12-22,Cancelled
407,Hotel I,Cindy Carter,85,4,Orlando,2024-02-09,2024-10-01,401.03,2024-12-28,Cancelled
408,Hotel I,Amanda Haney,200,4,Miami,2024-08-18,2024-08-12,193.54,2024-12-01,Confirmed
409,Hotel G,Natalie Ramirez,130,5,Los Angeles,2024-01-08,2024-05-06,867.68,2024-12-08,Confirmed
410,Hotel D,Jay Johnson,120,5,Orlando,2024-04-17,2024-10-18,234.65,2024-12-13,Confirmed
411,Hotel F,Gabrielle Henderson,150,5,Los Angeles,2024-04-26,2024-03-26,811.76,2024-12-21,Pending
412,Hotel B,Chloe Martin,85,5,Las Vegas,2024-05-20,2024-07-03,860.87,2024-12-04,Cancelled
413,Hotel A,Michael Taylor,80,5,San Diego,2024-07-05,2024-03-24,341.41,2024-12-19,Cancelled
414,Hotel C,Gary Pittman,130,4,Chicago,2024-05-03,2024-12-07,374.93,2024-12-04,Confirmed
415,Hotel H,William West,120,4,San Francisco,2024-11-24,2024-05-29,820.14,2024-12-27,Cancelled
416,Hotel H,Thomas Allen,200,3,San Francisco,2024-12-14,2024-10-03,749.73,2024-12-01,Pending
417,Hotel F,Amanda Bell,130,4,San Francisco,2024-05-09,2024-07-20,112.25,2024-12-16,Confirmed
418,Hotel J,David Goodman,120,3,Las Vegas,2024-09-13,2024-07-31,928.03,2024-12-27,Confirmed
419,Hotel J,Jennifer Mclaughlin,130,3,San Diego,2024-08-29,2024-10-02,804.3,2024-12-01,Cancelled
420,Hotel I,Morgan Whitney,80,4,Los Angeles,2024-08-23,2024-06-02,944.27,2024-12-21,Cancelled
421,Hotel F,Michael Cook,100,3,San Francisco,2024-05-14,2024-01-28,898.52,2024-12-13,Cancelled
422,Hotel C,Penny Davis,200,5,Chicago,2024-06-30,2024-02-09,450.37,2024-12-29,Pending
423,Hotel G,Rachel Pugh,130,3,San Diego,2024-06-10,2024-10-11,937.48,2024-12-07,Cancelled
424,Hotel B,Deborah Ayers,120,5,San Diego,2024-10-24,2024-10-07,204.73,2024-12-05,Cancelled
425,Hotel G,Jennifer Morgan,130,4,Orlando,2024-12-23,2024-02-25,269.41,2024-12-08,Pending
426,Hotel C,Donna Mcintyre,90,3,Chicago,2024-03-03,2024-07-14,764.5,2024-12-11,Cancelled
427,Hotel C,Brian Kirk,90,5,Miami,2024-03-09,2024-09-03,383.31,2024-12-09,Cancelled
428,Hotel F,Nicholas Campbell,75,4,Orlando,2024-01-25,2024-11-14,334.2,2024-12-06,Pending
429,Hotel D,Christopher Byrd,120,3,Las Vegas,2024-04-30,2024-04-10,441.7,2024-12-20,Confirmed
430,Hotel D,William Navarro,200,5,San Francisco,2024-06-18,2024-01-28,390.64,2024-12-15,Confirmed
431,Hotel A,Ronald Townsend,130,5,Los Angeles,2024-02-19,2024-12-20,246.36,2024-12-25,Cancelled
432,Hotel I,Pamela Bryan,85,5,Orlando,2024-05-06,2024-03-23,314.59,2024-12-03,Cancelled
433,Hotel G,Alexander Ryan,75,4,Orlando,2024-11-23,2024-07-08,328.6,2024-12-07,Pending
434,Hotel C,Adam Robinson,200,3,San Francisco,2024-02-29,2024-11-16,235.44,2024-12-15,Pending
435,Hotel A,Caroline Kane,130,4,New York,2024-09-01,2024-04-06,494.59,2024-12-06,Cancelled
436,Hotel D,Timothy Thompson,110,3,San Francisco,2024-01-09,2024-12-29,300.71,2024-12-08,Confirmed
437,Hotel J,Samantha Austin,75,3,San Francisco,2024-04-09,2024-12-21,844.43,2024-12-19,Pending
438,Hotel E,Sarah Evans,130,3,Orlando,2024-08-10,2024-10-21,730.03,2024-12-08,Pending
439,Hotel J,Nicole Mitchell,85,3,New York,2024-07-22,2024-09-30,407.96,2024-12-12,Pending
440,Hotel H,Joseph Delgado,150,5,Chicago,2024-08-29,2024-05-14,138.71,2024-12-15,Cancelled
441,Hotel I,Cristian Ray,100,4,Los Angeles,2024-07-16,2024-02-24,742.49,2024-12-04,Confirmed
442,Hotel B,Jamie White,90,3,San Francisco,2024-05-20,2024-09-19,482.79,2024-12-18,Confirmed
443,Hotel A,Kenneth King,100,5,Miami,2024-01-10,2024-08-28,111.66,2024-12-20,Confirmed
444,Hotel A,Jeffrey Lozano,150,5,Miami,2024-11-13,2024-05-03,797.62,2024-12-11,Confirmed
445,Hotel A,Janet Sanchez,75,3,Chicago,2024-06-03,2024-09-06,594.89,2024-12-28,Pending
446,Hotel G,Christopher Bennett,75,4,Las Vegas,2024-06-17,2024-03-13,238.59,2024-12-28,Cancelled
447,Hotel F,Curtis Jackson,110,3,New York,2024-10-26,2024-02-13,985.74,2024-12-25,Confirmed
448,Hotel I,Lindsay Murphy,110,4,Orlando,2024-06-01,2024-08-26,965.05,2024-12-30,Cancelled
449,Hotel G,Patrick Miles,120,3,Miami,2024-01-09,2024-04-28,314.21,2024-12-12,Cancelled
450,Hotel C,Jared Lopez,100,5,San Diego,2024-09-09,2024-05-03,100.63,2024-12-26,Pending
451,Hotel H,David Smith,150,3,San Diego,2024-01-31,2024-04-13,802.47,2024-12-02,Confirmed
452,Hotel H,Michelle Tate,90,4,New York,2024-06-07,2024-11-05,774.62,2024-12-23,Cancelled
453,Hotel E,Teresa Romero,120,3,Los Angeles,2024-06-02,2024-12-26,754.66,2024-12-15,Pending
454,Hotel J,Bradley Wright,130,3,Chicago,2024-01-11,2024-08-18,718.84,2024-12-11,Cancelled
455,Hotel J,Shane Lara MD,100,4,Las Vegas,2024-04-02,2024-03-24,605.78,2024-12-13,Cancelled
456,Hotel B,Michael Murray,80,3,New York,2024-06-20,2024-01-15,166.41,2024-12-19,Pending
457,Hotel G,Bryan Hines,130,4,San Francisco,2024-02-17,2024-02-08,573.21,2024-12-16,Pending
458,Hotel G,Jillian Dunn,110,3,San Francisco,2024-08-05,2024-05-20,226.19,2024-12-02,Cancelled
459,Hotel B,Arthur Armstrong,110,3,San Francisco,2024-07-28,2024-07-22,863.08,2024-12-07,Confirmed
460,Hotel E,Paul Mccullough,110,5,San Diego,2024-08-28,2024-08-01,951.42,2024-12-10,Confirmed
461,Hotel E,Mr. Eric West,85,3,Los Angeles,2024-05-28,2024-07-17,524.97,2024-12-05,Confirmed
462,Hotel A,Denise Espinoza,120,5,Orlando,2024-04-16,2024-10-21,591.15,2024-12-02,Confirmed
463,Hotel C,Kristen Boyd,90,5,San Francisco,2024-10-28,2024-04-04,845.59,2024-12-16,Cancelled
464,Hotel E,Gary Cruz,100,4,Miami,2024-10-14,2024-06-06,762.36,2024-12-27,Cancelled
465,Hotel C,Ashley Hammond,150,5,Las Vegas,2024-07-08,2024-06-06,120.84,2024-12-17,Pending
466,Hotel E,Amanda Davenport,80,4,Orlando,2024-04-12,2024-07-24,173.56,2024-12-15,Confirmed
467,Hotel D,Kevin Nelson,100,5,Chicago,2024-03-21,2024-09-16,121.04,2024-12-22,Pending
468,Hotel G,Robert Hamilton,150,5,Orlando,2024-09-21,2024-10-10,144.58,2024-12-09,Confirmed
469,Hotel J,Andrea Joseph,80,3,Orlando,2024-04-09,2024-05-25,864.6,2024-12-27,Confirmed
470,Hotel B,Randy Matthews,90,3,Chicago,2024-11-05,2024-01-15,975.31,2024-12-30,Cancelled
471,Hotel D,Diane Ellis,75,4,Chicago,2024-07-18,2024-02-06,498.15,2024-12-25,Cancelled
472,Hotel E,Audrey Morris,100,4,Los Angeles,2024-10-31,2024-09-02,511.91,2024-12-04,Pending
473,Hotel A,Robert Murphy,90,5,Los Angeles,2024-07-07,2024-08-29,435.54,2024-12-13,Cancelled
474,Hotel D,Zachary Mullins,90,4,Las Vegas,2024-11-15,2024-02-23,880.71,2024-12-18,Cancelled
475,Hotel C,Mike Thomas,80,4,Orlando,2024-11-30,2024-11-03,961.5,2024-12-29,Cancelled
476,Hotel E,Jessica Henderson,90,4,Los Angeles,2024-04-21,2024-04-29,237.68,2024-12-10,Cancelled
477,Hotel E,Sherry Orozco,90,5,Miami,2024-09-08,2024-03-01,231.93,2024-12-17,Confirmed
478,Hotel A,Julie Martinez,85,5,Los Angeles,2024-02-27,2024-04-26,414.32,2024-12-21,Pending
479,Hotel E,Dakota Gay,80,5,San Francisco,2024-09-01,2024-08-01,597.63,2024-12-21,Confirmed
480,Hotel J,Rita Mckinney,80,3,San Francisco,2024-02-20,2024-10-25,700.15,2024-12-02,Confirmed
481,Hotel D,Melinda Hudson,200,4,Miami,2024-09-26,2024-11-04,149.97,2024-12-10,Confirmed
482,Hotel I,Whitney Johnson,150,4,Miami,2024-09-18,2024-03-04,431.76,2024-12-15,Cancelled
483,Hotel C,Jacqueline Gomez,85,3,Orlando,2024-02-06,2024-10-11,472.93,2024-12-10,Confirmed
484,Hotel C,Renee Hughes,110,5,San Francisco,2024-03-04,2024-04-16,153.79,2024-12-27,Pending
485,Hotel F,Heidi Cabrera,85,4,San Diego,2024-02-21,2024-12-19,220.41,2024-12-03,Pending
486,Hotel C,Michele Rice,75,3,San Francisco,2024-07-11,2024-08-18,834.04,2024-12-29,Cancelled
487,Hotel J,Tanner Larsen,75,4,San Francisco,2024-03-05,2024-08-27,499.93,2024-12-30,Confirmed
488,Hotel E,Robert Wright,75,4,Miami,2024-06-06,2024-03-21,467.25,2024-12-28,Confirmed
489,Hotel J,Erika Gibson,130,4,New York,2024-01-09,2024-03-04,977.96,2024-12-03,Confirmed
490,Hotel I,Daniel Carey,80,3,Los Angeles,2024-01-07,2024-05-23,464.31,2024-12-09,Pending
491,Hotel A,Patrick Pratt,100,3,San Diego,2024-06-10,2024-01-06,451.76,2024-12-21,Confirmed
492,Hotel C,Alexis Oneill,100,4,San Francisco,2024-09-30,2024-01-14,845.87,2024-12-29,Confirmed
493,Hotel J,Brandon Sanchez,150,3,Miami,2024-01-10,2024-04-08,843.57,2024-12-12,Confirmed
494,Hotel E,Manuel Kelley,110,3,San Diego,2024-09-01,2024-07-06,391.74,2024-12-07,Confirmed
495,Hotel A,Brian Moore,110,3,New York,2024-05-22,2024-04-13,753.32,2024-12-12,Cancelled
496,Hotel A,Rebecca Lewis,150,4,New York,2024-06-14,2024-10-14,482.56,2024-12-07,Cancelled
497,Hotel J,Natalie Ramirez,200,3,San Diego,2024-09-08,2024-07-21,111.05,2024-12-27,Confirmed
498,Hotel A,Keith Lewis,80,4,Miami,2024-02-23,2024-08-15,125.1,2024-12-22,Pending
499,Hotel B,Kayla Lee,90,5,Orlando,2024-05-27,2024-02-29,474.01,2024-12-30,Confirmed
500,Hotel G,Rebecca Reynolds DDS,100,3,Chicago,2024-05-28,2024-08-26,214.0,2024-12-28,Confirmed
501,Hotel D,William Andrews,85,4,Las Vegas,2024-02-04,2024-10-09,509.91,2024-12-21,Cancelled
502,Hotel A,Katie Weber,85,3,Las Vegas,2024-08-03,2024-09-15,632.56,2024-12-18,Cancelled
503,Hotel C,Kevin Shields,100,5,Los Angeles,2024-05-13,2024-11-16,764.35,2024-12-04,Confirmed
504,Hotel B,Deanna Alvarado,90,3,San Francisco,2024-01-30,2024-10-07,446.58,2024-12-10,Cancelled
505,Hotel B,John Miller,75,5,Miami,2024-02-10,2024-01-04,165.2,2024-12-28,Cancelled
506,Hotel D,Renee Watson,130,3,San Diego,2024-10-29,2024-02-09,563.53,2024-12-22,Cancelled
507,Hotel J,John Wang,75,3,Las Vegas,2024-07-06,2024-06-15,589.34,2024-12-30,Pending
508,Hotel J,Karen Butler,110,4,New York,2024-12-15,2024-05-17,929.03,2024-12-30,Cancelled
509,Hotel I,Mary Gordon,120,4,Chicago,2024-02-25,2024-09-16,755.73,2024-12-02,Pending
510,Hotel I,Edward Quinn,200,4,Orlando,2024-11-05,2024-10-15,843.52,2024-12-23,Confirmed
511,Hotel I,Ashley Ramos,85,5,Orlando,2024-04-14,2024-01-13,675.7,2024-12-06,Cancelled
512,Hotel F,Kayla Kaiser,85,5,San Diego,2024-08-14,2024-04-02,922.77,2024-12-17,Confirmed
513,Hotel F,Brittany Strickland,90,5,Orlando,2024-01-09,2024-01-10,655.68,2024-12-22,Pending
514,Hotel G,Jesse Parker,120,4,Chicago,2024-08-22,2024-12-12,373.58,2024-12-07,Cancelled
515,Hotel H,Michael Garcia,130,4,Chicago,2024-01-29,2024-09-20,113.56,2024-12-10,Confirmed
516,Hotel A,Michaela Jackson,90,5,Las Vegas,2024-06-24,2024-12-14,223.51,2024-12-26,Cancelled
517,Hotel A,Heather Copeland,150,3,San Diego,2024-06-01,2024-11-30,202.14,2024-12-17,Cancelled
518,Hotel B,Tiffany Taylor,130,3,Miami,2024-03-28,2024-03-13,178.57,2024-12-19,Cancelled
519,Hotel D,Craig Lopez,90,3,Chicago,2024-03-08,2024-09-25,405.51,2024-12-13,Confirmed
520,Hotel E,Susan Brown,85,4,Los Angeles,2024-11-20,2024-01-25,385.15,2024-12-02,Pending
521,Hotel G,Vincent Cook,80,4,Miami,2024-01-22,2024-11-24,271.64,2024-12-02,Cancelled
522,Hotel H,Sarah Lane,120,3,New York,2024-08-31,2024-03-06,188.27,2024-12-12,Pending
523,Hotel F,Bethany Armstrong,100,4,Miami,2024-08-01,2024-09-10,591.36,2024-12-18,Cancelled
524,Hotel E,Cole Hanson,85,4,Chicago,2024-03-07,2024-08-31,640.06,2024-12-20,Pending
525,Hotel G,Tyler Preston,200,5,San Diego,2024-05-29,2024-05-13,234.94,2024-12-05,Cancelled
526,Hotel E,Dominique Sullivan,130,3,Chicago,2024-01-30,2024-04-18,598.99,2024-12-12,Cancelled
527,Hotel D,Catherine Hobbs,85,3,Orlando,2024-03-19,2024-03-13,817.12,2024-12-26,Cancelled
528,Hotel F,Trevor Harris,85,4,New York,2024-03-07,2024-07-06,483.12,2024-12-18,Cancelled
529,Hotel C,Michael Martin,80,4,Las Vegas,2024-02-29,2024-02-19,830.74,2024-12-24,Pending
530,Hotel B,Christine Smith,120,5,Orlando,2024-07-12,2024-04-02,386.85,2024-12-23,Pending
531,Hotel J,Larry Colon,110,5,Orlando,2024-05-19,2024-03-26,716.47,2024-12-19,Confirmed
532,Hotel D,James Avery,120,5,Chicago,2024-10-06,2024-12-03,156.87,2024-12-25,Pending
533,Hotel I,Michael Weiss,120,4,Los Angeles,2024-08-19,2024-10-13,468.52,2024-12-12,Confirmed
534,Hotel A,Shelly Marsh,120,3,Miami,2024-10-19,2024-06-09,298.46,2024-12-04,Confirmed
535,Hotel F,Trevor Scott,100,3,San Diego,2024-02-05,2024-04-18,270.9,2024-12-13,Cancelled
536,Hotel D,Patrick Turner,90,5,Chicago,2024-11-14,2024-08-12,583.22,2024-12-21,Pending
537,Hotel E,Kristin Jones,85,4,San Diego,2024-05-31,2024-06-01,620.75,2024-12-12,Confirmed
538,Hotel G,Michael Cruz Jr.,85,5,San Diego,2024-12-13,2024-03-25,904.13,2024-12-17,Pending
539,Hotel D,Edward Ramirez,85,3,Orlando,2024-03-05,2024-12-25,148.67,2024-12-09,Cancelled
540,Hotel B,Rebecca Mcgrath,90,4,Orlando,2024-12-18,2024-01-24,667.21,2024-12-23,Pending
541,Hotel A,Tina Stewart,120,5,Los Angeles,2024-08-28,2024-09-16,363.07,2024-12-08,Pending
542,Hotel F,Charles Patel,85,4,San Francisco,2024-11-16,2024-03-26,456.89,2024-12-22,Pending
543,Hotel J,Melissa Butler,85,5,Chicago,2024-06-09,2024-05-25,477.82,2024-12-06,Cancelled
544,Hotel E,Patrick Clark,75,4,Las Vegas,2024-09-02,2024-06-12,204.26,2024-12-23,Cancelled
545,Hotel H,Theresa Butler,100,5,Miami,2024-03-16,2024-02-04,764.92,2024-12-19,Cancelled
546,Hotel F,Marissa Gross,130,4,Orlando,2024-03-06,2024-02-04,923.51,2024-12-06,Confirmed
547,Hotel A,Joel Trujillo,80,5,Las Vegas,2024-08-18,2024-10-09,682.9,2024-12-16,Cancelled
548,Hotel C,Joseph Gonzales,75,3,Chicago,2024-06-10,2024-10-07,275.32,2024-12-14,Confirmed
549,Hotel D,Melissa Ray,120,3,Miami,2024-05-13,2024-06-16,479.22,2024-12-05,Confirmed
550,Hotel C,Andrew Love,110,4,Las Vegas,2024-01-04,2024-01-07,196.74,2024-12-20,Confirmed
551,Hotel I,Natasha Miller,130,3,Miami,2024-06-23,2024-05-20,499.57,2024-12-25,Pending
552,Hotel J,Thomas Jones,110,3,Las Vegas,2024-11-23,2024-11-15,249.65,2024-12-02,Confirmed
553,Hotel D,Mrs. Melissa Buck,75,3,Los Angeles,2024-09-22,2024-05-02,187.14,2024-12-03,Cancelled
554,Hotel A,Lisa Johnson,200,4,Miami,2024-01-31,2024-01-06,910.7,2024-12-21,Confirmed
555,Hotel E,Christina Mitchell,150,3,Orlando,2024-07-16,2024-04-25,645.78,2024-12-26,Pending
556,Hotel E,Christopher Fry,80,3,San Francisco,2024-09-21,2024-05-18,277.4,2024-12-27,Pending
557,Hotel A,Sandra Mckinney,100,5,Los Angeles,2024-05-06,2024-01-15,737.82,2024-12-08,Confirmed
558,Hotel A,Cheryl Morris,80,3,New York,2024-03-01,2024-03-03,965.53,2024-12-12,Confirmed
559,Hotel C,Gary Lewis,85,4,Chicago,2024-01-12,2024-10-24,902.35,2024-12-03,Pending
560,Hotel J,Gregory Ingram,75,5,Miami,2024-12-01,2024-10-19,621.63,2024-12-11,Confirmed
561,Hotel A,Kelli Hall,75,4,San Diego,2024-07-28,2024-12-22,943.21,2024-12-06,Confirmed
562,Hotel E,Misty Goodwin,75,5,Orlando,2024-12-26,2024-07-11,289.52,2024-12-15,Pending
563,Hotel C,Craig Matthews,85,3,New York,2024-01-28,2024-11-15,823.62,2024-12-03,Confirmed
564,Hotel C,Bobby Mccall,120,5,Las Vegas,2024-07-06,2024-02-14,995.74,2024-12-09,Confirmed
565,Hotel H,Robert Palmer,85,3,Las Vegas,2024-08-21,2024-05-15,203.72,2024-12-20,Pending
566,Hotel C,Zachary Perez,130,3,Orlando,2024-07-31,2024-01-11,160.03,2024-12-05,Pending
567,Hotel G,Bryan Owens,75,4,Las Vegas,2024-09-18,2024-11-29,570.17,2024-12-22,Cancelled
568,Hotel D,Lori Miller,150,3,San Diego,2024-06-08,2024-08-14,352.57,2024-12-17,Confirmed
569,Hotel H,Brenda Rodriguez,130,5,Orlando,2024-04-10,2024-09-21,731.06,2024-12-11,Confirmed
570,Hotel E,Lindsey Garcia,130,3,Chicago,2024-07-28,2024-07-03,371.44,2024-12-22,Pending
571,Hotel E,Mary Gonzalez,80,5,San Francisco,2024-04-07,2024-07-01,905.05,2024-12-29,Confirmed
572,Hotel C,Tammy Russell,130,3,Orlando,2024-07-04,2024-02-28,814.59,2024-12-16,Pending
573,Hotel H,Brianna Boyle,80,3,San Francisco,2024-05-31,2024-06-23,186.01,2024-12-12,Cancelled
574,Hotel I,Jordan Campbell,80,5,Las Vegas,2024-11-21,2024-11-06,397.9,2024-12-19,Cancelled
575,Hotel I,Gregory Peterson,110,3,Orlando,2024-06-21,2024-07-30,175.34,2024-12-21,Pending
576,Hotel C,Joseph Mcdaniel,85,3,Los Angeles,2024-01-12,2024-08-24,273.02,2024-12-03,Confirmed
577,Hotel I,Thomas Peterson,85,5,Orlando,2024-04-27,2024-07-12,491.64,2024-12-03,Pending
578,Hotel C,Jessica Brown,200,4,San Diego,2024-12-23,2024-10-02,965.9,2024-12-08,Cancelled
579,Hotel F,Keith Hinton,200,3,Orlando,2024-08-17,2024-05-16,377.26,2024-12-12,Confirmed
580,Hotel B,Jasmine Clark,110,4,San Diego,2024-02-13,2024-04-16,912.11,2024-12-18,Cancelled
581,Hotel J,Tasha Collins,85,4,Las Vegas,2024-05-12,2024-01-31,690.78,2024-12-10,Confirmed
582,Hotel I,Andrew Moore,80,3,San Diego,2024-02-17,2024-05-31,284.87,2024-12-03,Cancelled
583,Hotel J,Hannah Campbell,85,3,Los Angeles,2024-03-28,2024-02-29,447.51,2024-12-26,Pending
584,Hotel H,Amanda Davenport,200,4,Los Angeles,2024-03-15,2024-02-23,699.06,2024-12-27,Pending
585,Hotel F,Steven Ball,85,3,Las Vegas,2024-05-26,2024-11-20,932.9,2024-12-13,Confirmed
586,Hotel D,David Rocha,150,4,Chicago,2024-02-25,2024-09-05,289.0,2024-12-27,Cancelled
587,Hotel A,Eileen Salinas,100,5,San Diego,2024-07-02,2024-02-23,759.21,2024-12-06,Cancelled
588,Hotel C,Rebecca Robbins,100,5,Las Vegas,2024-01-03,2024-02-25,308.61,2024-12-25,Pending
589,Hotel C,Dylan Wang,200,5,Orlando,2024-03-11,2024-09-08,530.31,2024-12-12,Cancelled
590,Hotel D,Adam Martin,90,3,Chicago,2024-10-21,2024-03-10,917.3,2024-12-22,Pending
591,Hotel H,Melissa Patterson,200,4,Miami,2024-01-17,2024-02-06,395.43,2024-12-19,Cancelled
592,Hotel J,Gabrielle Holt,130,5,New York,2024-08-20,2024-11-27,399.07,2024-12-13,Confirmed
593,Hotel D,Kelly Martinez,120,4,Orlando,2024-01-08,2024-04-02,613.32,2024-12-10,Confirmed
594,Hotel H,William Hall,90,5,San Francisco,2024-11-30,2024-05-05,100.25,2024-12-08,Pending
595,Hotel G,Susan White,150,3,New York,2024-06-24,2024-04-17,413.94,2024-12-04,Confirmed
596,Hotel I,Gina Armstrong,150,5,Chicago,2024-09-15,2024-08-09,575.44,2024-12-26,Pending
597,Hotel I,Timothy Hicks,120,3,Chicago,2024-01-01,2024-02-28,531.4,2024-12-20,Pending
598,Hotel E,Steven Golden,120,4,New York,2024-01-15,2024-11-27,422.36,2024-12-26,Pending
599,Hotel G,Anita Mitchell,110,3,Miami,2024-11-07,2024-03-07,432.01,2024-12-10,Pending
600,Hotel B,Tanya Rodriguez,150,4,San Diego,2024-06-25,2024-03-21,593.4,2024-12-06,Confirmed
601,Hotel D,Haley King,75,3,New York,2024-07-09,2024-01-25,265.97,2024-12-19,Pending
602,Hotel C,Richard Lee,90,4,New York,2024-08-04,2024-03-02,364.06,2024-12-06,Cancelled
603,Hotel A,Jessica Newton,120,3,San Francisco,2024-09-28,2024-08-25,786.34,2024-12-06,Pending
604,Hotel C,Melissa Johnson,150,3,Miami,2024-10-08,2024-02-07,558.82,2024-12-15,Cancelled
605,Hotel B,Lauren Marshall,85,4,Miami,2024-01-15,2024-09-12,439.45,2024-12-24,Cancelled
606,Hotel G,Thomas Garcia,90,4,Orlando,2024-03-16,2024-01-02,157.6,2024-12-12,Cancelled
607,Hotel D,Justin Conway,85,4,San Diego,2024-03-11,2024-01-02,304.85,2024-12-19,Confirmed
608,Hotel I,Erica Dixon,90,4,New York,2024-01-30,2024-11-30,279.09,2024-12-22,Cancelled
609,Hotel E,Brenda Scott,80,3,San Francisco,2024-09-12,2024-08-19,716.84,2024-12-27,Confirmed
610,Hotel E,Craig Dixon,150,5,New York,2024-11-22,2024-06-12,296.65,2024-12-18,Cancelled
611,Hotel G,Wayne Williams,80,3,Chicago,2024-03-04,2024-12-28,152.57,2024-12-17,Pending
612,Hotel H,Brittany Gomez,80,3,Las Vegas,2024-07-20,2024-11-23,250.78,2024-12-30,Cancelled
613,Hotel E,Kelly Wilson DVM,80,3,Chicago,2024-07-13,2024-10-03,812.02,2024-12-07,Confirmed
614,Hotel H,Melissa Flores,130,4,Los Angeles,2024-01-28,2024-05-30,450.88,2024-12-02,Confirmed
615,Hotel H,Jenny Mccall,90,3,Miami,2024-11-15,2024-04-25,587.59,2024-12-08,Confirmed
616,Hotel D,Brian Harris,90,4,New York,2024-05-03,2024-03-17,927.09,2024-12-01,Cancelled
617,Hotel J,Linda Crawford,120,4,Orlando,2024-10-28,2024-02-15,310.69,2024-12-14,Cancelled
618,Hotel C,Joshua Simpson,110,4,Orlando,2024-04-29,2024-11-05,514.07,2024-12-07,Cancelled
619,Hotel F,Shannon Williams,110,3,Miami,2024-01-31,2024-02-17,874.3,2024-12-28,Pending
620,Hotel H,Matthew Delgado,120,4,Los Angeles,2024-01-05,2024-04-17,390.33,2024-12-16,Confirmed
621,Hotel D,Robert Alexander,200,5,Los Angeles,2024-07-10,2024-02-09,871.41,2024-12-01,Pending
622,Hotel A,Travis Brown,130,4,San Francisco,2024-09-25,2024-10-21,356.92,2024-12-01,Cancelled
623,Hotel G,Erin Daniels,85,5,Chicago,2024-11-02,2024-10-23,776.13,2024-12-28,Cancelled
624,Hotel G,Susan Ayala,85,4,Miami,2024-03-08,2024-11-22,975.12,2024-12-16,Cancelled
625,Hotel C,Sara White,200,5,Las Vegas,2024-09-25,2024-03-18,356.86,2024-12-01,Pending
626,Hotel B,Vanessa Wallace,100,5,Miami,2024-08-31,2024-04-22,908.4,2024-12-15,Cancelled
627,Hotel B,Catherine Singleton,200,5,Las Vegas,2024-10-05,2024-11-08,886.46,2024-12-12,Confirmed
628,Hotel H,Peter Cox,150,4,San Francisco,2024-02-01,2024-07-18,451.78,2024-12-11,Cancelled
629,Hotel A,Kimberly Carpenter,200,4,Miami,2024-04-13,2024-08-20,987.52,2024-12-12,Cancelled
630,Hotel C,Olivia Spears,85,4,San Diego,2024-01-20,2024-05-30,907.91,2024-12-13,Cancelled
631,Hotel C,Sarah Morrison,130,3,Chicago,2024-05-23,2024-06-06,379.64,2024-12-07,Cancelled
632,Hotel I,Mary Diaz,120,3,Las Vegas,2024-05-01,2024-08-09,586.16,2024-12-10,Confirmed
633,Hotel D,Joshua Johnson,200,5,New York,2024-07-01,2024-03-11,816.3,2024-12-26,Cancelled
634,Hotel J,John Salazar,200,4,San Francisco,2024-01-05,2024-11-02,294.02,2024-12-25,Confirmed
635,Hotel D,Terry Murray,150,4,San Francisco,2024-07-14,2024-10-08,420.21,2024-12-26,Pending
636,Hotel G,Philip Johnson,85,3,San Francisco,2024-04-15,2024-08-28,690.91,2024-12-24,Confirmed
637,Hotel F,Zachary Richardson,200,5,New York,2024-10-06,2024-01-20,232.47,2024-12-29,Pending
638,Hotel I,Anna Rivera,110,5,San Francisco,2024-02-22,2024-02-25,393.11,2024-12-27,Cancelled
639,Hotel A,Michael Schroeder,120,3,Las Vegas,2024-08-23,2024-08-22,437.28,2024-12-29,Pending
640,Hotel F,Sarah Pace,85,3,San Francisco,2024-04-07,2024-01-15,437.15,2024-12-22,Cancelled
641,Hotel D,Kelly Holmes,100,5,Miami,2024-03-06,2024-11-18,481.24,2024-12-07,Confirmed
642,Hotel G,Brian Newton,90,3,New York,2024-11-10,2024-12-26,805.06,2024-12-03,Confirmed
643,Hotel B,Kevin Doyle,130,4,Chicago,2024-06-11,2024-08-25,370.77,2024-12-07,Pending
644,Hotel E,Dillon Baker,85,5,Las Vegas,2024-10-14,2024-06-28,127.34,2024-12-01,Cancelled
645,Hotel F,Sandra Terry,200,3,Chicago,2024-02-11,2024-09-23,321.43,2024-12-16,Pending
646,Hotel G,Derrick Butler,150,4,Orlando,2024-01-10,2024-01-18,607.77,2024-12-29,Cancelled
647,Hotel G,Tiffany Rivera,200,5,Los Angeles,2024-10-10,2024-01-03,647.54,2024-12-15,Pending
648,Hotel A,Henry Trevino,200,4,San Diego,2024-02-21,2024-01-22,620.76,2024-12-24,Pending
649,Hotel D,Brent Allen,120,5,San Diego,2024-11-24,2024-09-19,295.41,2024-12-18,Cancelled
650,Hotel C,Latasha Perry,100,4,New York,2024-04-22,2024-03-31,279.8,2024-12-16,Cancelled
651,Hotel J,Ronald Lyons,100,4,Los Angeles,2024-08-01,2024-03-04,518.76,2024-12-21,Confirmed
652,Hotel G,Laura Santiago,150,5,San Francisco,2024-02-26,2024-10-09,919.82,2024-12-19,Confirmed
653,Hotel F,Katherine Barnes,85,4,Los Angeles,2024-04-14,2024-03-14,754.43,2024-12-24,Pending
654,Hotel A,Shane Adams,110,3,Orlando,2024-03-23,2024-05-27,888.22,2024-12-15,Confirmed
655,Hotel H,Gregory Orr,90,4,Chicago,2024-02-25,2024-07-11,565.82,2024-12-21,Confirmed
656,Hotel G,Laura Williams,80,3,Miami,2024-05-14,2024-10-27,690.95,2024-12-20,Pending
657,Hotel A,Cory Wagner,100,4,New York,2024-05-11,2024-12-16,806.89,2024-12-27,Cancelled
658,Hotel J,Dawn Duncan,80,3,San Diego,2024-12-22,2024-04-30,113.84,2024-12-24,Cancelled
659,Hotel J,Justin Smith,110,4,Orlando,2024-03-18,2024-04-29,143.54,2024-12-06,Cancelled
660,Hotel J,Teresa Howard,130,4,Las Vegas,2024-09-04,2024-10-31,390.85,2024-12-14,Cancelled
661,Hotel G,Jason Brown,110,4,Los Angeles,2024-03-24,2024-10-07,776.69,2024-12-22,Pending
662,Hotel C,Katherine Morris,90,3,Chicago,2024-08-07,2024-04-28,903.26,2024-12-25,Cancelled
663,Hotel C,Daniel George,200,5,Las Vegas,2024-12-13,2024-07-21,220.82,2024-12-25,Cancelled
664,Hotel F,Erik Jefferson,100,5,San Diego,2024-07-31,2024-02-28,709.78,2024-12-09,Cancelled
665,Hotel B,Adam Morton,110,4,Chicago,2024-05-28,2024-04-19,336.53,2024-12-01,Confirmed
666,Hotel D,Michael Jones,120,3,Las Vegas,2024-10-17,2024-11-08,107.24,2024-12-21,Confirmed
667,Hotel J,Rebecca Anderson,100,3,Miami,2024-02-26,2024-10-02,937.27,2024-12-17,Pending
668,Hotel B,Chelsea Hess,75,3,Chicago,2024-10-15,2024-04-24,321.05,2024-12-14,Pending
669,Hotel J,Tamara Yates,150,5,San Diego,2024-03-17,2024-06-18,386.31,2024-12-05,Confirmed
670,Hotel I,Claire Stewart,100,3,Los Angeles,2024-06-24,2024-05-08,801.0,2024-12-22,Confirmed
671,Hotel D,Troy Hernandez,120,3,New York,2024-12-24,2024-12-12,950.9,2024-12-25,Pending
672,Hotel D,Bethany Ryan,80,4,Los Angeles,2024-03-14,2024-07-05,851.07,2024-12-06,Cancelled
673,Hotel J,Kimberly Warner,100,4,Miami,2024-11-07,2024-02-09,236.01,2024-12-25,Pending
674,Hotel A,Stephen Mccoy,110,5,Los Angeles,2024-11-23,2024-06-28,888.32,2024-12-30,Pending
675,Hotel E,Sandra Hansen,120,4,New York,2024-09-14,2024-03-29,359.23,2024-12-20,Confirmed
676,Hotel A,Jason Beasley,80,3,Orlando,2024-11-07,2024-10-29,305.71,2024-12-18,Pending
677,Hotel H,Derrick Phillips,150,5,San Francisco,2024-11-28,2024-02-20,122.06,2024-12-17,Cancelled
678,Hotel D,Lisa Baker,85,4,Las Vegas,2024-04-13,2024-11-06,554.68,2024-12-14,Pending
679,Hotel D,Abigail Burgess,200,3,New York,2024-03-01,2024-04-26,598.83,2024-12-05,Cancelled
680,Hotel F,Katrina Joyce,110,3,Miami,2024-06-01,2024-11-06,395.48,2024-12-08,Pending
681,Hotel F,Cynthia Morgan,80,4,San Diego,2024-03-31,2024-12-06,526.41,2024-12-08,Pending
682,Hotel B,Emily Garcia,80,4,Orlando,2024-06-24,2024-03-10,488.9,2024-12-01,Pending
683,Hotel E,James Rogers,130,3,Chicago,2024-07-11,2024-01-05,885.17,2024-12-20,Pending
684,Hotel D,Kiara Reynolds,80,4,San Francisco,2024-02-11,2024-03-06,330.38,2024-12-04,Cancelled
685,Hotel B,Roy Swanson III,120,3,Las Vegas,2024-02-25,2024-11-12,293.57,2024-12-21,Pending
686,Hotel F,Jeffrey Dougherty,80,4,San Diego,2024-01-14,2024-12-24,998.55,2024-12-22,Cancelled
687,Hotel H,Kevin Knight,120,5,Las Vegas,2024-01-09,2024-03-05,201.09,2024-12-15,Confirmed
688,Hotel E,Angela Jones,200,5,San Francisco,2024-07-22,2024-04-05,368.58,2024-12-25,Cancelled
689,Hotel A,Emily Johnson,200,5,Chicago,2024-07-02,2024-04-03,828.0,2024-12-28,Pending
690,Hotel I,Meagan Bond,100,3,Orlando,2024-06-20,2024-04-27,624.65,2024-12-12,Cancelled
691,Hotel D,Alan Berg,200,5,Chicago,2024-08-18,2024-04-16,374.09,2024-12-14,Pending
692,Hotel H,Andrew Butler,75,3,Orlando,2024-03-27,2024-10-14,393.23,2024-12-12,Confirmed
693,Hotel A,Kenneth Caldwell,200,3,Las Vegas,2024-06-23,2024-09-29,186.02,2024-12-02,Cancelled
694,Hotel D,Holly Hopkins,200,5,San Francisco,2024-10-31,2024-06-05,851.88,2024-12-26,Cancelled
695,Hotel E,Kristen Brown,90,4,Chicago,2024-03-10,2024-01-04,225.95,2024-12-24,Pending
696,Hotel H,Laura Santos,75,5,Chicago,2024-07-29,2024-11-25,680.43,2024-12-09,Pending
697,Hotel E,Willie Rose,90,4,Orlando,2024-12-11,2024-11-05,144.69,2024-12-09,Pending
698,Hotel I,Sharon Jones,120,3,Orlando,2024-11-24,2024-09-22,518.24,2024-12-07,Confirmed
699,Hotel I,Lori Howard,75,4,San Francisco,2024-11-18,2024-07-15,540.72,2024-12-20,Confirmed
700,Hotel F,Sean Thomas,150,4,San Francisco,2024-09-23,2024-06-12,975.65,2024-12-26,Cancelled
701,Hotel D,Nicole Butler,130,3,Miami,2024-06-25,2024-08-19,940.87,2024-12-21,Confirmed
702,Hotel E,Emily Parker,90,4,Los Angeles,2024-11-09,2024-12-28,739.36,2024-12-23,Pending
703,Hotel I,Tanya Lee,75,3,Orlando,2024-08-16,2024-03-04,424.93,2024-12-09,Cancelled
704,Hotel I,Melinda Fernandez,85,5,New York,2024-01-22,2024-07-08,423.4,2024-12-25,Pending
705,Hotel H,Teresa Garcia,150,5,Chicago,2024-12-01,2024-02-12,172.87,2024-12-10,Confirmed
706,Hotel J,Mary Thompson,90,4,San Francisco,2024-11-14,2024-11-24,363.63,2024-12-22,Pending
707,Hotel I,Micheal Hill,85,5,San Diego,2024-09-14,2024-03-07,604.47,2024-12-21,Pending
708,Hotel D,Todd Pruitt,100,4,Orlando,2024-09-26,2024-01-19,144.97,2024-12-29,Pending
709,Hotel H,Todd Jones,110,5,New York,2024-05-06,2024-03-05,689.64,2024-12-22,Pending
710,Hotel I,Justin Gallegos,200,5,San Francisco,2024-09-30,2024-11-20,564.63,2024-12-16,Cancelled
711,Hotel G,Dr. Casey Bates DDS,150,5,San Francisco,2024-10-24,2024-03-18,158.34,2024-12-17,Cancelled
712,Hotel C,Ellen Johnson,200,3,Miami,2024-10-22,2024-09-05,560.29,2024-12-13,Confirmed
713,Hotel G,Kathy Bryant,200,5,Orlando,2024-11-27,2024-07-07,492.32,2024-12-19,Confirmed
714,Hotel D,Christina Prince,120,4,San Diego,2024-02-04,2024-10-11,395.78,2024-12-27,Pending
715,Hotel A,Stephanie Bruce,110,5,New York,2024-12-20,2024-06-12,622.46,2024-12-07,Pending
716,Hotel G,John Wells,75,5,Las Vegas,2024-02-26,2024-10-09,865.31,2024-12-25,Cancelled
717,Hotel C,Michael Branch,100,3,Miami,2024-05-12,2024-12-11,115.32,2024-12-15,Pending
718,Hotel H,Kimberly Morales,100,4,San Diego,2024-03-17,2024-10-17,525.67,2024-12-26,Pending
719,Hotel B,Amanda Green,85,5,Los Angeles,2024-03-26,2024-08-19,225.99,2024-12-30,Confirmed
720,Hotel A,Andrew Carter,75,4,San Francisco,2024-05-27,2024-11-16,494.41,2024-12-08,Confirmed
721,Hotel G,Fred Marquez,120,5,San Francisco,2024-08-16,2024-09-11,701.92,2024-12-06,Cancelled
722,Hotel A,Carmen Pearson,85,4,San Francisco,2024-08-09,2024-03-26,114.52,2024-12-25,Confirmed
723,Hotel D,Keith Le,90,5,Las Vegas,2024-10-03,2024-09-27,869.79,2024-12-11,Confirmed
724,Hotel C,Tanya Diaz,85,4,Chicago,2024-04-30,2024-06-10,999.27,2024-12-11,Cancelled
725,Hotel J,Kelly Freeman DVM,110,3,Orlando,2024-10-13,2024-04-28,938.51,2024-12-11,Confirmed
726,Hotel I,Roberta Pearson,200,3,San Diego,2024-02-26,2024-08-26,626.43,2024-12-17,Cancelled
727,Hotel H,Dustin Hernandez,200,4,Orlando,2024-12-27,2024-01-05,520.76,2024-12-04,Pending
728,Hotel J,Michael Fleming,75,4,San Diego,2024-05-10,2024-09-29,206.03,2024-12-19,Pending
729,Hotel J,Karen Fox,100,5,San Diego,2024-06-07,2024-04-30,732.65,2024-12-04,Cancelled
730,Hotel G,Amy Walters,85,5,San Francisco,2024-04-15,2024-08-18,265.59,2024-12-13,Cancelled
731,Hotel H,Erica Williams,100,3,Chicago,2024-01-25,2024-03-18,170.3,2024-12-10,Pending
732,Hotel A,Henry Buck,100,4,New York,2024-05-20,2024-01-30,475.2,2024-12-06,Confirmed
733,Hotel D,Jerry Chambers,130,3,Chicago,2024-07-06,2024-12-04,613.28,2024-12-17,Cancelled
734,Hotel J,Erin Rowe,100,3,Orlando,2024-12-24,2024-03-01,352.93,2024-12-29,Pending
735,Hotel I,Eric Harrison PhD,75,5,San Francisco,2024-02-03,2024-03-29,397.0,2024-12-18,Cancelled
736,Hotel I,Miss Ann Snyder MD,130,3,Chicago,2024-06-29,2024-10-04,305.4,2024-12-24,Pending
737,Hotel J,Michael Bray,120,4,Las Vegas,2024-10-28,2024-11-02,825.56,2024-12-10,Confirmed
738,Hotel F,Michael Burnett,110,3,San Diego,2024-11-03,2024-07-31,572.89,2024-12-26,Confirmed
739,Hotel G,Jacob Wright,100,4,Chicago,2024-05-23,2024-05-26,133.87,2024-12-22,Confirmed
740,Hotel D,Gregory Price,150,5,Miami,2024-08-31,2024-08-31,446.55,2024-12-08,Cancelled
741,Hotel C,Kathleen Stephenson,200,3,San Francisco,2024-07-09,2024-01-19,959.1,2024-12-10,Pending
742,Hotel G,Cheryl Hawkins,130,3,New York,2024-08-02,2024-11-14,344.43,2024-12-13,Confirmed
743,Hotel I,Juan Brady,200,3,San Francisco,2024-04-01,2024-07-15,310.69,2024-12-12,Cancelled
744,Hotel J,Melinda Barker,120,4,Los Angeles,2024-11-23,2024-09-08,405.7,2024-12-21,Confirmed
745,Hotel C,Harold Ritter,85,5,Las Vegas,2024-09-01,2024-09-15,598.89,2024-12-22,Cancelled
746,Hotel E,Sherry Freeman,130,5,Chicago,2024-11-14,2024-09-01,704.42,2024-12-20,Pending
747,Hotel B,Elizabeth Thompson,120,5,Miami,2024-05-11,2024-06-27,891.13,2024-12-23,Confirmed
748,Hotel A,Antonio Peterson,120,4,Orlando,2024-07-27,2024-08-06,589.03,2024-12-07,Confirmed
749,Hotel F,Tamara Frost,110,3,San Francisco,2024-07-16,2024-06-10,239.4,2024-12-11,Pending
750,Hotel B,Ryan Sexton,90,3,San Diego,2024-10-18,2024-08-16,224.63,2024-12-03,Cancelled
751,Hotel I,Wendy Carr,120,5,Las Vegas,2024-02-23,2024-10-12,206.89,2024-12-18,Pending
752,Hotel G,Tracy Sanford,90,3,Los Angeles,2024-08-10,2024-03-04,949.49,2024-12-20,Pending
753,Hotel H,Thomas Richmond,110,3,Chicago,2024-10-25,2024-03-28,483.76,2024-12-18,Confirmed
754,Hotel A,Stephanie Henderson,75,4,New York,2024-10-28,2024-09-15,321.95,2024-12-26,Cancelled
755,Hotel B,Laurie Clark,130,4,Miami,2024-07-26,2024-06-16,756.64,2024-12-12,Confirmed
756,Hotel J,Raymond Anderson,100,3,Las Vegas,2024-04-25,2024-11-23,935.69,2024-12-06,Cancelled
757,Hotel D,Joseph Smith,75,3,Orlando,2024-12-25,2024-10-19,890.45,2024-12-07,Confirmed
758,Hotel G,Kevin Wright PhD,130,4,San Francisco,2024-07-05,2024-07-12,774.41,2024-12-21,Pending
759,Hotel J,Samantha Dawson,110,4,Orlando,2024-05-16,2024-02-18,347.22,2024-12-05,Cancelled
760,Hotel B,Ethan Austin,100,4,Las Vegas,2024-08-16,2024-02-20,284.16,2024-12-08,Confirmed
761,Hotel G,Kenneth Perez,100,4,Chicago,2024-11-18,2024-01-21,364.76,2024-12-19,Confirmed
762,Hotel E,Brett May,75,5,San Diego,2024-09-21,2024-05-16,461.64,2024-12-27,Confirmed
763,Hotel D,James Smith,90,4,San Diego,2024-12-17,2024-01-27,210.89,2024-12-29,Pending
764,Hotel C,Cheryl Harrison,110,3,New York,2024-05-13,2024-04-10,509.66,2024-12-27,Confirmed
765,Hotel H,Clinton Rodriguez MD,100,3,Chicago,2024-10-05,2024-05-02,559.33,2024-12-15,Cancelled
766,Hotel G,Julian Miller,80,4,Orlando,2024-06-28,2024-10-13,528.95,2024-12-02,Pending
767,Hotel D,Nicole Wilson,100,5,New York,2024-08-31,2024-03-01,492.06,2024-12-18,Confirmed
768,Hotel B,Douglas Dorsey,130,5,New York,2024-12-26,2024-12-19,384.92,2024-12-09,Confirmed
769,Hotel A,Rodney Peterson,100,4,San Diego,2024-05-19,2024-08-23,233.36,2024-12-21,Cancelled
770,Hotel D,Michael Thompson,150,3,Orlando,2024-01-31,2024-12-16,197.4,2024-12-28,Cancelled
771,Hotel B,James Lang,80,4,Chicago,2024-06-18,2024-01-30,418.04,2024-12-06,Cancelled
772,Hotel I,Nathaniel Martinez,75,5,New York,2024-05-31,2024-08-24,639.02,2024-12-22,Confirmed
773,Hotel C,Mary Roach,150,4,New York,2024-04-07,2024-04-02,536.47,2024-12-04,Cancelled
774,Hotel E,Jennifer Smith,130,4,Las Vegas,2024-01-16,2024-03-17,346.07,2024-12-26,Pending
775,Hotel C,Elizabeth Hart,120,5,Orlando,2024-01-03,2024-02-16,881.1,2024-12-20,Confirmed
776,Hotel E,Michael Haley,120,3,Las Vegas,2024-07-31,2024-01-08,674.09,2024-12-02,Cancelled
777,Hotel G,Melissa Mann,75,3,New York,2024-08-18,2024-01-29,753.94,2024-12-03,Pending
778,Hotel J,Tami Mathews,100,5,New York,2024-08-08,2024-06-28,221.62,2024-12-14,Cancelled
779,Hotel C,Patrick Thomas,150,4,Los Angeles,2024-10-28,2024-09-05,422.41,2024-12-01,Cancelled
780,Hotel C,Tiffany Stanton,90,5,Los Angeles,2024-03-01,2024-12-27,815.98,2024-12-20,Cancelled
781,Hotel A,Brittany Mcdonald,80,4,Chicago,2024-07-18,2024-10-01,241.69,2024-12-24,Pending
782,Hotel E,Holly Wilson,200,4,Orlando,2024-09-27,2024-06-29,628.22,2024-12-29,Cancelled
783,Hotel C,Robert Deleon,85,3,San Francisco,2024-12-03,2024-05-06,302.55,2024-12-22,Pending
784,Hotel I,Kelsey Reeves,80,4,Orlando,2024-04-14,2024-04-04,328.18,2024-12-01,Confirmed
785,Hotel D,Jamie Frey,150,3,Orlando,2024-09-21,2024-02-20,368.35,2024-12-29,Pending
786,Hotel F,Lindsey Huff,120,5,Miami,2024-03-01,2024-03-31,780.42,2024-12-21,Cancelled
787,Hotel J,Michelle Tucker,75,5,Orlando,2024-06-10,2024-05-26,677.8,2024-12-23,Pending
788,Hotel E,Jennifer Costa,75,4,San Francisco,2024-02-02,2024-04-13,352.13,2024-12-09,Confirmed
789,Hotel A,Madison Delgado,130,5,Las Vegas,2024-11-17,2024-08-04,681.74,2024-12-17,Cancelled
790,Hotel D,Mary Brown,100,5,Miami,2024-12-25,2024-02-28,153.91,2024-12-18,Confirmed
791,Hotel F,Kristopher Gomez,110,4,New York,2024-08-19,2024-07-06,430.82,2024-12-16,Pending
792,Hotel A,Charlotte Logan,90,5,Las Vegas,2024-06-09,2024-08-28,780.93,2024-12-23,Pending
793,Hotel G,William Davis,110,5,New York,2024-06-01,2024-04-03,934.02,2024-12-02,Pending
794,Hotel E,Ashley Cooper,90,4,New York,2024-12-28,2024-09-26,857.71,2024-12-17,Cancelled
795,Hotel H,Melissa Brown,120,3,Orlando,2024-12-22,2024-03-06,856.09,2024-12-17,Confirmed
796,Hotel A,Jennifer Gibbs,120,3,San Francisco,2024-04-07,2024-11-13,542.32,2024-12-30,Cancelled
797,Hotel G,Anthony Thomas,200,5,San Diego,2024-04-23,2024-08-24,401.18,2024-12-03,Confirmed
798,Hotel E,Steven Lopez,100,5,Las Vegas,2024-12-04,2024-04-09,483.7,2024-12-17,Cancelled
799,Hotel B,Adam Dominguez,120,3,San Diego,2024-11-18,2024-12-15,509.96,2024-12-15,Confirmed
800,Hotel C,Alexander Henry,110,3,Las Vegas,2024-07-25,2024-05-29,706.29,2024-12-21,Pending
801,Hotel J,Sean Duarte,75,4,Las Vegas,2024-02-06,2024-10-23,358.47,2024-12-17,Pending
802,Hotel F,Brian Cook,110,5,New York,2024-01-12,2024-09-08,818.38,2024-12-15,Cancelled
803,Hotel F,Shannon Johnson,85,5,Las Vegas,2024-09-03,2024-04-24,458.46,2024-12-28,Pending
804,Hotel C,Patrick Jarvis,80,5,Miami,2024-07-07,2024-10-03,560.18,2024-12-21,Confirmed
805,Hotel F,John Flores,110,5,Orlando,2024-04-19,2024-09-29,415.51,2024-12-18,Confirmed
806,Hotel E,Richard Myers,80,4,San Francisco,2024-06-18,2024-04-22,866.02,2024-12-07,Confirmed
807,Hotel H,John Pineda,150,5,Miami,2024-09-14,2024-05-17,473.76,2024-12-05,Cancelled
808,Hotel H,Amber Hughes,130,4,San Diego,2024-05-07,2024-07-10,300.94,2024-12-29,Pending
809,Hotel B,Cynthia Gould,110,3,Orlando,2024-09-19,2024-05-02,642.26,2024-12-28,Pending
810,Hotel E,Julie Carey,100,4,San Francisco,2024-06-14,2024-02-22,464.28,2024-12-26,Pending
811,Hotel G,Andrew Gonzales,100,3,Las Vegas,2024-03-27,2024-09-27,201.38,2024-12-23,Confirmed
812,Hotel D,Angelica Garcia,90,4,Las Vegas,2024-12-03,2024-03-25,293.62,2024-12-28,Cancelled
813,Hotel G,Karen Buck,200,4,New York,2024-04-19,2024-12-20,795.87,2024-12-08,Pending
814,Hotel J,Nicholas Little,150,3,Orlando,2024-02-24,2024-10-14,444.17,2024-12-22,Confirmed
815,Hotel C,Catherine Meza,100,4,San Diego,2024-11-12,2024-01-15,899.71,2024-12-12,Cancelled
816,Hotel E,Tracie Warner,150,3,Orlando,2024-07-28,2024-11-16,474.15,2024-12-27,Confirmed
817,Hotel A,Cindy Porter,130,4,San Francisco,2024-01-12,2024-12-29,129.84,2024-12-17,Cancelled
818,Hotel A,Emily Fisher,110,3,Orlando,2024-05-18,2024-11-27,883.38,2024-12-10,Cancelled
819,Hotel G,Brittany Short,85,4,Los Angeles,2024-02-13,2024-10-20,538.83,2024-12-08,Cancelled
820,Hotel A,Curtis Pierce Jr.,85,4,San Diego,2024-09-05,2024-12-20,217.71,2024-12-16,Pending
821,Hotel F,David Figueroa,110,5,Las Vegas,2024-01-25,2024-12-26,503.57,2024-12-07,Confirmed
822,Hotel J,Joshua Morris,100,5,San Diego,2024-08-13,2024-01-30,193.11,2024-12-24,Pending
823,Hotel F,Jeremy Benton,110,5,Las Vegas,2024-12-19,2024-03-11,126.18,2024-12-17,Pending
824,Hotel D,Michael Booth,120,4,New York,2024-06-29,2024-12-14,324.16,2024-12-11,Pending
825,Hotel J,Jennifer Lucas,150,3,San Diego,2024-07-15,2024-08-01,374.01,2024-12-13,Pending
826,Hotel H,John Cook,120,4,New York,2024-09-16,2024-11-06,618.76,2024-12-07,Pending
827,Hotel C,Charles Long,85,5,Chicago,2024-10-18,2024-03-19,403.37,2024-12-13,Confirmed
828,Hotel F,Brianna Nelson,85,3,Las Vegas,2024-04-02,2024-10-01,913.78,2024-12-29,Pending
829,Hotel A,Terry Butler,120,3,Orlando,2024-05-30,2024-12-23,982.3,2024-12-29,Pending
830,Hotel J,Katherine Williams,110,5,New York,2024-04-26,2024-12-15,599.19,2024-12-07,Confirmed
831,Hotel H,David Ayers,85,3,Las Vegas,2024-03-13,2024-09-11,538.33,2024-12-08,Confirmed
832,Hotel G,Michael Griffin,80,5,Los Angeles,2024-04-16,2024-06-29,554.34,2024-12-07,Confirmed
833,Hotel H,William Patterson,85,3,Los Angeles,2024-06-05,2024-03-26,523.99,2024-12-24,Confirmed
834,Hotel G,Russell Stephens,150,5,Los Angeles,2024-07-12,2024-07-07,441.87,2024-12-04,Cancelled
835,Hotel A,Andrea Mullins,100,3,Orlando,2024-11-12,2024-11-30,926.67,2024-12-12,Cancelled
836,Hotel A,Cindy Davis DVM,100,4,San Francisco,2024-10-02,2024-03-15,933.99,2024-12-30,Pending
837,Hotel C,Carlos Horton,90,4,Los Angeles,2024-09-26,2024-01-05,956.57,2024-12-27,Confirmed
838,Hotel F,Thomas Dean,100,5,Las Vegas,2024-06-12,2024-07-06,540.14,2024-12-23,Pending
839,Hotel A,Sarah Williams,75,3,San Francisco,2024-04-16,2024-06-26,825.95,2024-12-16,Cancelled
840,Hotel C,Lisa Davis,75,5,Chicago,2024-12-04,2024-05-13,753.27,2024-12-30,Cancelled
841,Hotel F,John Jones,130,5,San Diego,2024-08-14,2024-08-07,355.86,2024-12-14,Confirmed
842,Hotel I,Amanda Austin,130,4,San Francisco,2024-05-07,2024-09-30,795.48,2024-12-25,Pending
843,Hotel D,Cameron Gregory,90,5,San Diego,2024-07-21,2024-05-24,972.03,2024-12-01,Cancelled
844,Hotel D,Erin Gibson,80,3,San Francisco,2024-08-25,2024-10-04,716.76,2024-12-03,Cancelled
845,Hotel E,John Rodriguez,150,5,New York,2024-01-24,2024-12-16,803.25,2024-12-24,Cancelled
846,Hotel I,Peter Burns,80,4,Miami,2024-11-08,2024-05-30,255.13,2024-12-22,Confirmed
847,Hotel C,Tanya Rodriguez,120,4,San Diego,2024-11-02,2024-04-28,199.41,2024-12-23,Pending
848,Hotel I,Sharon Schaefer,130,3,San Diego,2024-08-27,2024-07-02,501.15,2024-12-15,Pending
849,Hotel G,Ryan Weiss,100,5,San Diego,2024-11-01,2024-09-29,589.93,2024-12-24,Pending
850,Hotel F,Elizabeth White,90,5,Orlando,2024-11-20,2024-03-03,394.03,2024-12-10,Pending
851,Hotel D,Nicholas Prince,200,4,Orlando,2024-03-22,2024-07-18,224.81,2024-12-01,Confirmed
852,Hotel E,Eugene Garza,90,5,New York,2024-12-07,2024-05-29,373.66,2024-12-26,Confirmed
853,Hotel C,Stephanie Olson,200,5,San Diego,2024-06-20,2024-06-12,621.87,2024-12-04,Confirmed
854,Hotel I,Elizabeth Olson,200,5,New York,2024-12-28,2024-05-21,997.49,2024-12-25,Pending
855,Hotel I,Jack Payne,130,4,Chicago,2024-07-30,2024-02-22,412.84,2024-12-24,Confirmed
856,Hotel H,Angela Burnett,100,4,Las Vegas,2024-04-30,2024-08-23,750.63,2024-12-17,Cancelled
857,Hotel B,Justin Rubio,200,4,Chicago,2024-10-09,2024-03-01,540.19,2024-12-20,Cancelled
858,Hotel D,Mary Evans,75,4,New York,2024-07-20,2024-11-18,982.93,2024-12-29,Pending
859,Hotel C,David Hines,75,5,San Diego,2024-03-07,2024-01-24,934.58,2024-12-03,Confirmed
860,Hotel G,Robin Mccann,130,5,Chicago,2024-05-05,2024-07-12,901.66,2024-12-24,Confirmed
861,Hotel B,Matthew Smith,200,5,New York,2024-02-10,2024-08-01,479.18,2024-12-23,Pending
862,Hotel J,Mercedes Fleming,110,3,Los Angeles,2024-03-30,2024-06-05,883.04,2024-12-10,Pending
863,Hotel A,Benjamin Durham,80,3,Miami,2024-11-15,2024-12-05,656.47,2024-12-30,Confirmed
864,Hotel E,Tiffany Ali,130,4,San Francisco,2024-01-18,2024-05-12,540.89,2024-12-30,Cancelled
865,Hotel F,Alexandria Adams,150,5,New York,2024-08-19,2024-04-08,473.3,2024-12-26,Pending
866,Hotel H,Stephen Davis,85,5,Los Angeles,2024-12-26,2024-08-12,568.15,2024-12-08,Confirmed
867,Hotel B,Laura Robertson,75,4,Chicago,2024-05-05,2024-06-26,464.45,2024-12-23,Pending
868,Hotel A,Edward Gonzales,90,3,New York,2024-02-09,2024-01-04,579.33,2024-12-03,Pending
869,Hotel D,Mark Pena,90,5,Las Vegas,2024-08-17,2024-01-03,729.68,2024-12-07,Confirmed
870,Hotel J,Russell Villarreal,130,5,Las Vegas,2024-07-06,2024-07-28,919.25,2024-12-23,Confirmed
871,Hotel H,Stacy Martinez,110,4,New York,2024-02-27,2024-11-18,523.19,2024-12-21,Confirmed
872,Hotel I,Jacob Klein,85,4,Los Angeles,2024-12-20,2024-07-27,320.05,2024-12-09,Pending
873,Hotel E,Tammy Hood,100,5,San Diego,2024-11-11,2024-05-05,720.24,2024-12-03,Pending
874,Hotel F,Rachael Lewis,90,4,Los Angeles,2024-05-25,2024-10-27,215.95,2024-12-05,Confirmed
875,Hotel A,Brian Holt,90,4,San Francisco,2024-11-01,2024-04-23,844.51,2024-12-17,Pending
876,Hotel B,Emily Thompson,75,5,Miami,2024-02-14,2024-10-15,154.47,2024-12-18,Pending
877,Hotel B,Kristen Wilson PhD,85,4,Las Vegas,2024-03-20,2024-09-14,656.95,2024-12-30,Pending
878,Hotel D,Anthony Bullock,120,5,San Diego,2024-11-07,2024-07-16,521.96,2024-12-16,Cancelled
879,Hotel J,Ian Tucker,85,4,Chicago,2024-08-15,2024-12-28,792.94,2024-12-30,Confirmed
880,Hotel J,Stephanie Gibbs,85,4,Orlando,2024-04-09,2024-01-15,259.83,2024-12-01,Pending
881,Hotel F,Mary Cruz,80,5,San Diego,2024-11-27,2024-04-06,958.95,2024-12-07,Confirmed
882,Hotel B,Gary Hancock,120,5,Miami,2024-01-09,2024-07-07,153.38,2024-12-10,Confirmed
883,Hotel E,Cameron Flynn,75,4,Orlando,2024-04-17,2024-05-06,207.52,2024-12-17,Cancelled
884,Hotel E,Martin Smith,80,3,Chicago,2024-01-29,2024-12-18,972.6,2024-12-18,Pending
885,Hotel A,Timothy Espinoza,120,3,San Francisco,2024-06-29,2024-10-01,546.67,2024-12-01,Confirmed
886,Hotel A,Susan Mitchell,130,4,Miami,2024-08-06,2024-01-12,225.23,2024-12-04,Pending
887,Hotel G,Latoya Joyce,75,4,Chicago,2024-09-24,2024-06-17,740.38,2024-12-09,Cancelled
888,Hotel I,Carolyn Cooper,110,5,Orlando,2024-11-22,2024-02-16,343.94,2024-12-02,Cancelled
889,Hotel D,Scott Peck,85,4,Miami,2024-12-10,2024-09-15,497.5,2024-12-07,Cancelled
890,Hotel B,Darren Jacobs,130,5,Orlando,2024-01-29,2024-10-08,942.39,2024-12-10,Cancelled
891,Hotel G,Tony Harris,120,4,Los Angeles,2024-01-13,2024-07-13,529.4,2024-12-02,Confirmed
892,Hotel E,Angela Burns,90,4,Chicago,2024-12-09,2024-04-26,881.91,2024-12-30,Confirmed
893,Hotel D,David Holmes,85,4,Orlando,2024-07-22,2024-11-28,194.48,2024-12-16,Confirmed
894,Hotel A,Jessica Owens,85,3,Miami,2024-05-17,2024-03-27,332.27,2024-12-30,Pending
895,Hotel I,Shelly Wyatt,110,3,Chicago,2024-10-04,2024-02-28,560.13,2024-12-28,Cancelled
896,Hotel B,Rachel Gonzalez,120,4,Miami,2024-07-20,2024-10-30,806.19,2024-12-14,Cancelled
897,Hotel I,Eric Franklin,90,3,Las Vegas,2024-01-08,2024-02-15,742.84,2024-12-10,Cancelled
898,Hotel D,Mark Burton,110,5,Orlando,2024-09-27,2024-08-15,375.84,2024-12-17,Confirmed
899,Hotel I,Joseph Torres,150,5,San Diego,2024-06-04,2024-02-12,225.75,2024-12-02,Pending
900,Hotel E,Cynthia Morales,150,5,San Diego,2024-12-21,2024-08-23,450.24,2024-12-15,Cancelled
901,Hotel B,Terry Morton,90,4,Chicago,2024-12-15,2024-12-05,488.41,2024-12-18,Confirmed
902,Hotel D,Jesse Ward,130,3,Las Vegas,2024-01-16,2024-04-09,963.05,2024-12-28,Confirmed
903,Hotel D,Jade Novak,120,5,San Francisco,2024-03-17,2024-12-03,995.89,2024-12-19,Pending
904,Hotel J,Shawn Howell,85,4,San Francisco,2024-11-27,2024-01-08,612.29,2024-12-27,Pending
905,Hotel A,Alan Henderson,85,3,Los Angeles,2024-07-23,2024-08-11,291.81,2024-12-12,Cancelled
906,Hotel E,Nathan Williams,100,4,San Francisco,2024-06-22,2024-06-08,985.28,2024-12-23,Confirmed
907,Hotel D,Lindsay Wood,85,5,Los Angeles,2024-06-24,2024-04-16,785.31,2024-12-12,Confirmed
908,Hotel H,Lonnie Peters,75,5,Las Vegas,2024-01-25,2024-04-08,918.14,2024-12-23,Confirmed
909,Hotel H,Chelsea Johnson,100,3,Miami,2024-06-22,2024-04-25,467.35,2024-12-25,Cancelled
910,Hotel D,Christopher Smith,100,5,Los Angeles,2024-09-23,2024-07-05,180.45,2024-12-24,Confirmed
911,Hotel C,Keith Fisher,130,4,Orlando,2024-09-05,2024-04-04,916.73,2024-12-30,Cancelled
912,Hotel C,Amy Hall,100,3,Chicago,2024-05-07,2024-07-16,707.33,2024-12-09,Confirmed
913,Hotel A,Mark Johnson,150,3,San Francisco,2024-02-10,2024-12-21,517.23,2024-12-14,Cancelled
914,Hotel C,Pamela Mccarthy,200,5,Los Angeles,2024-01-15,2024-06-28,680.49,2024-12-27,Pending
915,Hotel G,Lorraine Kim,85,3,New York,2024-02-05,2024-10-11,641.87,2024-12-10,Confirmed
916,Hotel D,Scott Castro,80,5,Las Vegas,2024-09-01,2024-03-23,972.16,2024-12-17,Confirmed
917,Hotel H,Andrew Williams,130,5,Orlando,2024-10-05,2024-11-29,141.94,2024-12-05,Cancelled
918,Hotel E,Kelsey James,150,4,Miami,2024-02-08,2024-09-02,820.8,2024-12-04,Pending
919,Hotel I,David Fischer,130,5,New York,2024-09-29,2024-05-30,242.32,2024-12-05,Cancelled
920,Hotel G,Michael Rojas,120,5,Chicago,2024-03-26,2024-09-23,737.9,2024-12-25,Pending
921,Hotel H,Julie Turner,75,3,New York,2024-01-28,2024-03-25,390.42,2024-12-21,Cancelled
922,Hotel B,Kelly Roberts,110,4,Orlando,2024-04-10,2024-03-18,834.13,2024-12-11,Confirmed
923,Hotel D,Crystal Romero,85,4,San Diego,2024-04-10,2024-07-02,460.33,2024-12-09,Pending
924,Hotel J,Latasha Rice,90,4,Los Angeles,2024-10-30,2024-03-28,154.45,2024-12-29,Confirmed
925,Hotel I,Brittany Williams,75,5,San Francisco,2024-09-19,2024-08-31,977.39,2024-12-24,Cancelled
926,Hotel H,Matthew Miller,150,3,San Francisco,2024-11-19,2024-11-27,829.69,2024-12-19,Cancelled
927,Hotel B,Kevin Montes,130,4,Miami,2024-11-19,2024-03-17,780.33,2024-12-19,Cancelled
928,Hotel I,Alex Bailey,130,3,Los Angeles,2024-07-16,2024-01-16,676.87,2024-12-11,Cancelled
929,Hotel E,Teresa Brooks,120,3,Orlando,2024-08-29,2024-05-22,840.4,2024-12-27,Cancelled
930,Hotel H,Diana Perez,120,4,San Diego,2024-08-04,2024-03-21,523.66,2024-12-06,Confirmed
931,Hotel H,Mrs. Jamie Harris,100,4,New York,2024-05-04,2024-10-08,332.54,2024-12-28,Confirmed
932,Hotel D,Jonathon Romero,85,3,Miami,2024-02-02,2024-11-24,440.88,2024-12-07,Cancelled
933,Hotel G,Pamela Morales,85,4,San Diego,2024-06-17,2024-10-30,438.91,2024-12-27,Cancelled
934,Hotel H,Chris Green,200,5,Miami,2024-01-12,2024-12-11,433.62,2024-12-29,Confirmed
935,Hotel F,Anna Walsh,80,4,Las Vegas,2024-04-14,2024-08-15,761.06,2024-12-11,Confirmed
936,Hotel H,Lauren Ortiz,150,3,Los Angeles,2024-04-06,2024-02-12,625.62,2024-12-23,Pending
937,Hotel I,Jose Dawson,80,3,New York,2024-04-16,2024-05-24,893.66,2024-12-09,Confirmed
938,Hotel E,Mr. Hunter Webb,120,4,Los Angeles,2024-11-21,2024-07-26,530.2,2024-12-30,Pending
939,Hotel H,James Hall,120,3,Los Angeles,2024-02-14,2024-11-03,112.04,2024-12-25,Cancelled
940,Hotel C,Gregory Pena,130,3,Miami,2024-05-28,2024-12-30,674.73,2024-12-17,Confirmed
941,Hotel D,Angela Moore,130,3,Chicago,2024-01-02,2024-01-07,678.34,2024-12-02,Cancelled
942,Hotel J,Michael Frost,80,4,New York,2024-04-02,2024-12-09,112.91,2024-12-13,Pending
943,Hotel H,Kenneth Craig,120,5,New York,2024-07-14,2024-03-12,406.4,2024-12-19,Cancelled
944,Hotel B,Dana Roberts,150,5,Los Angeles,2024-03-05,2024-12-20,342.12,2024-12-12,Confirmed
945,Hotel E,Valerie Young,100,5,Miami,2024-01-27,2024-10-27,596.91,2024-12-03,Cancelled
946,Hotel J,Sherry Wright,85,4,Las Vegas,2024-05-15,2024-07-13,189.29,2024-12-02,Cancelled
947,Hotel C,Sue Bowen,200,4,Orlando,2024-12-10,2024-01-07,511.3,2024-12-16,Confirmed
948,Hotel I,Ashley Snyder,90,3,San Francisco,2024-06-19,2024-04-06,118.1,2024-12-09,Pending
949,Hotel C,Michael Schneider,200,4,San Diego,2024-06-15,2024-06-09,624.46,2024-12-19,Confirmed
950,Hotel A,George Kirby,100,5,Las Vegas,2024-05-26,2024-04-24,534.49,2024-12-29,Cancelled
951,Hotel C,Andrew King,150,5,Las Vegas,2024-12-11,2024-11-16,605.48,2024-12-17,Pending
952,Hotel F,Kimberly Torres,85,3,Chicago,2024-07-11,2024-06-13,619.47,2024-12-29,Cancelled
953,Hotel B,Thomas Wolf,90,3,Los Angeles,2024-05-01,2024-01-09,654.84,2024-12-22,Cancelled
954,Hotel D,Kelly Walker,110,4,Los Angeles,2024-11-21,2024-02-25,162.0,2024-12-24,Confirmed
955,Hotel A,Bradley Parker,120,5,Chicago,2024-06-03,2024-11-04,989.18,2024-12-15,Confirmed
956,Hotel A,Melanie Stephens,80,5,Chicago,2024-12-04,2024-04-28,782.22,2024-12-17,Confirmed
957,Hotel J,Jennifer Smith,110,5,San Francisco,2024-04-24,2024-06-10,480.35,2024-12-04,Pending
958,Hotel A,Ricardo Thornton,80,4,San Francisco,2024-01-31,2024-01-01,259.0,2024-12-11,Confirmed
959,Hotel B,Phillip Dominguez,130,3,Chicago,2024-01-08,2024-08-07,719.41,2024-12-13,Confirmed
960,Hotel C,Joshua Smith,120,4,Orlando,2024-09-22,2024-02-24,736.34,2024-12-12,Confirmed
961,Hotel C,Brian Jenkins,130,5,Miami,2024-02-12,2024-12-09,784.72,2024-12-18,Pending
962,Hotel H,Zachary Ray,100,5,New York,2024-04-17,2024-12-14,997.7,2024-12-15,Cancelled
963,Hotel G,Maria Jones,100,4,San Diego,2024-08-11,2024-12-04,915.3,2024-12-18,Pending
964,Hotel C,Vanessa Clark,120,4,San Diego,2024-03-16,2024-06-21,412.0,2024-12-19,Pending
965,Hotel F,Jason Moss,100,3,Chicago,2024-05-22,2024-06-09,935.35,2024-12-19,Cancelled
966,Hotel C,Sara Robles,75,3,Orlando,2024-01-19,2024-08-05,498.9,2024-12-28,Cancelled
967,Hotel A,Philip Moore,75,5,San Diego,2024-09-19,2024-09-23,645.24,2024-12-22,Cancelled
968,Hotel A,Randy Ryan,120,5,Chicago,2024-10-09,2024-02-22,882.52,2024-12-13,Confirmed
969,Hotel F,James Guzman,130,4,Orlando,2024-10-08,2024-04-26,123.42,2024-12-06,Pending
970,Hotel B,Daniel Rios,85,4,Orlando,2024-08-12,2024-09-05,838.78,2024-12-24,Pending
971,Hotel B,Regina Bryant,90,4,Miami,2024-01-18,2024-02-01,219.37,2024-12-08,Pending
972,Hotel B,Lorraine Rogers,80,5,Los Angeles,2024-08-24,2024-08-02,183.02,2024-12-29,Cancelled
973,Hotel D,Tiffany Mack,110,4,Chicago,2024-06-19,2024-08-01,167.32,2024-12-08,Pending
974,Hotel H,Daniel Dunn,150,5,San Francisco,2024-01-31,2024-04-09,428.82,2024-12-17,Confirmed
975,Hotel J,Brandy Griffith,200,4,Orlando,2024-03-11,2024-04-12,348.21,2024-12-10,Pending
976,Hotel I,Brandon Horne,75,5,Los Angeles,2024-03-23,2024-09-15,758.41,2024-12-02,Pending
977,Hotel D,Nancy Chavez,150,4,Los Angeles,2024-10-12,2024-01-31,815.72,2024-12-22,Pending
978,Hotel I,Alexis Huynh,90,5,Las Vegas,2024-02-08,2024-07-07,570.19,2024-12-08,Pending
979,Hotel D,Kelsey Fowler,75,3,San Diego,2024-01-28,2024-01-04,450.45,2024-12-03,Pending
980,Hotel C,Gregory Jones,200,4,Chicago,2024-09-24,2024-12-10,618.73,2024-12-27,Cancelled
981,Hotel E,Michael Taylor,85,5,Los Angeles,2024-12-07,2024-08-04,901.44,2024-12-19,Confirmed
982,Hotel G,Aaron Harris,110,5,Las Vegas,2024-02-26,2024-07-18,692.78,2024-12-13,Cancelled
983,Hotel E,Carolyn Williams,110,4,Las Vegas,2024-04-04,2024-04-20,185.49,2024-12-29,Confirmed
984,Hotel I,Andrea Bond,75,5,San Diego,2024-08-09,2024-07-10,355.42,2024-12-01,Cancelled
985,Hotel I,David Lloyd,90,3,Orlando,2024-05-26,2024-01-07,684.94,2024-12-08,Cancelled
986,Hotel G,Angela Whitney,120,4,Los Angeles,2024-10-16,2024-06-28,787.43,2024-12-07,Pending
987,Hotel B,Kelly Leonard,75,4,Miami,2024-11-29,2024-05-20,449.15,2024-12-18,Pending
988,Hotel G,William Cowan,200,5,Miami,2024-06-10,2024-04-17,280.45,2024-12-12,Pending
989,Hotel E,Heather Lee,130,3,Miami,2024-01-11,2024-07-30,407.36,2024-12-15,Confirmed
990,Hotel A,Melissa Anderson,80,5,New York,2024-10-11,2024-03-04,242.22,2024-12-18,Confirmed
991,Hotel C,Barbara Tucker,200,5,San Diego,2024-09-16,2024-06-12,683.36,2024-12-29,Confirmed
992,Hotel D,William Walker,150,4,San Francisco,2024-07-09,2024-07-21,982.41,2024-12-08,Cancelled
993,Hotel C,Sherri Sims,130,5,Chicago,2024-12-24,2024-10-21,866.0,2024-12-06,Pending
994,Hotel J,Marcia Delgado,80,3,San Francisco,2024-10-02,2024-11-20,136.66,2024-12-04,Confirmed
995,Hotel D,Harold Bartlett,85,4,San Francisco,2024-05-31,2024-07-12,556.61,2024-12-28,Pending
996,Hotel J,Sabrina Williams,100,4,Los Angeles,2024-10-05,2024-11-21,333.45,2024-12-13,Confirmed
997,Hotel F,Angela Nunez,130,5,San Diego,2024-11-24,2024-04-21,575.97,2024-12-18,Confirmed
998,Hotel C,Melissa Francis,85,5,San Francisco,2024-05-05,2024-03-20,248.91,2024-12-17,Pending
999,Hotel J,Susan Washington,100,3,Orlando,2024-07-07,2024-08-06,232.88,2024-12-11,Pending
1000,Hotel I,Beverly Mccoy,130,5,San Diego,2024-01-30,2024-03-22,250.53,2024-12-08,Cancelled
